"","JSON","VTT","IMAGE","DESC"
"1","c:/ytdl/CradleToGraveR//Absolute Beginners Guide to Statistical Programming/02 - Statistical Programming - Expected Value/02-Absolute Beginners Guide to Statistical Programming-Statistical Programming - Expected Value.mp4.info.json","c:/ytdl/CradleToGraveR//Absolute Beginners Guide to Statistical Programming/02 - Statistical Programming - Expected Value/02-Absolute Beginners Guide to Statistical Programming-Statistical Programming - Expected Value.mp4.en.txt","02-AbsoluteBeginnersGuidetoStatisticalProgramming-StatisticalProgramming-ExpectedValue.mp4.jpg","c:/ytdl/CradleToGraveR//Absolute Beginners Guide to Statistical Programming/02 - Statistical Programming - Expected Value/02-Absolute Beginners Guide to Statistical Programming-Statistical Programming - Expected Value.mp4.description"
"2","c:/ytdl/CradleToGraveR//Absolute Beginners Guide to Statistical Programming/03 - Linear Regression with R 01/03-Absolute Beginners Guide to Statistical Programming-Linear Regression with R 01.mp4.info.json","c:/ytdl/CradleToGraveR//Absolute Beginners Guide to Statistical Programming/03 - Linear Regression with R 01/03-Absolute Beginners Guide to Statistical Programming-Linear Regression with R 01.mp4.en.txt","03-AbsoluteBeginnersGuidetoStatisticalProgramming-LinearRegressionwithR01.mp4.jpg","c:/ytdl/CradleToGraveR//Absolute Beginners Guide to Statistical Programming/03 - Linear Regression with R 01/03-Absolute Beginners Guide to Statistical Programming-Linear Regression with R 01.mp4.description"
"4","c:/ytdl/CradleToGraveR//Absolute Beginners Guide to Statistical Programming/05 - Linear Regression LM using R Plot Line/05-Absolute Beginners Guide to Statistical Programming-Linear Regression LM using R Plot Line.mp4.info.json","c:/ytdl/CradleToGraveR//Absolute Beginners Guide to Statistical Programming/05 - Linear Regression LM using R Plot Line/05-Absolute Beginners Guide to Statistical Programming-Linear Regression LM using R Plot Line.mp4.en.txt","05-AbsoluteBeginnersGuidetoStatisticalProgramming-LinearRegressionLMusingRPlotLine.mp4.jpg","c:/ytdl/CradleToGraveR//Absolute Beginners Guide to Statistical Programming/05 - Linear Regression LM using R Plot Line/05-Absolute Beginners Guide to Statistical Programming-Linear Regression LM using R Plot Line.mp4.description"
"5","c:/ytdl/CradleToGraveR//Absolute Beginners Guide to Statistical Programming/06 - Equation of Line from Linear Model in R/06-Absolute Beginners Guide to Statistical Programming-Equation of Line from Linear Model in R.mp4.info.json","c:/ytdl/CradleToGraveR//Absolute Beginners Guide to Statistical Programming/06 - Equation of Line from Linear Model in R/06-Absolute Beginners Guide to Statistical Programming-Equation of Line from Linear Model in R.mp4.en.txt","06-AbsoluteBeginnersGuidetoStatisticalProgramming-EquationofLinefromLinearModelinR.mp4.jpg","c:/ytdl/CradleToGraveR//Absolute Beginners Guide to Statistical Programming/06 - Equation of Line from Linear Model in R/06-Absolute Beginners Guide to Statistical Programming-Equation of Line from Linear Model in R.mp4.description"
"6","c:/ytdl/CradleToGraveR//Absolute Beginners Guide to Statistical Programming/08 - R Predict Plot Model 2/08-Absolute Beginners Guide to Statistical Programming-R Predict Plot Model 2.mp4.info.json","c:/ytdl/CradleToGraveR//Absolute Beginners Guide to Statistical Programming/08 - R Predict Plot Model 2/08-Absolute Beginners Guide to Statistical Programming-R Predict Plot Model 2.mp4.en.txt","08-AbsoluteBeginnersGuidetoStatisticalProgramming-RPredictPlotModel2.mp4.jpg","c:/ytdl/CradleToGraveR//Absolute Beginners Guide to Statistical Programming/08 - R Predict Plot Model 2/08-Absolute Beginners Guide to Statistical Programming-R Predict Plot Model 2.mp4.description"
"7","c:/ytdl/CradleToGraveR//Absolute Beginners Guide to Statistical Programming/09 - Multi Linear Regression with R/09-Absolute Beginners Guide to Statistical Programming-Multi Linear Regression with R.mp4.info.json","c:/ytdl/CradleToGraveR//Absolute Beginners Guide to Statistical Programming/09 - Multi Linear Regression with R/09-Absolute Beginners Guide to Statistical Programming-Multi Linear Regression with R.mp4.en.txt","09-AbsoluteBeginnersGuidetoStatisticalProgramming-MultiLinearRegressionwithR.mp4.jpg","c:/ytdl/CradleToGraveR//Absolute Beginners Guide to Statistical Programming/09 - Multi Linear Regression with R/09-Absolute Beginners Guide to Statistical Programming-Multi Linear Regression with R.mp4.description"
"8","c:/ytdl/CradleToGraveR//Absolute Beginners Guide to Statistical Programming/10 - Correlation Matrix in R with corplot/10-Absolute Beginners Guide to Statistical Programming-Correlation Matrix in R with corplot.mp4.info.json","c:/ytdl/CradleToGraveR//Absolute Beginners Guide to Statistical Programming/10 - Correlation Matrix in R with corplot/10-Absolute Beginners Guide to Statistical Programming-Correlation Matrix in R with corplot.mp4.en.txt","10-AbsoluteBeginnersGuidetoStatisticalProgramming-CorrelationMatrixinRwithcorplot.mp4.jpg","c:/ytdl/CradleToGraveR//Absolute Beginners Guide to Statistical Programming/10 - Correlation Matrix in R with corplot/10-Absolute Beginners Guide to Statistical Programming-Correlation Matrix in R with corplot.mp4.description"
"9","c:/ytdl/CradleToGraveR//Absolute Beginners Guide to Statistical Programming/11 - Residuals, Predictions, Plots R/11-Absolute Beginners Guide to Statistical Programming-Residuals, Predictions, Plots R.mp4.info.json","c:/ytdl/CradleToGraveR//Absolute Beginners Guide to Statistical Programming/11 - Residuals, Predictions, Plots R/11-Absolute Beginners Guide to Statistical Programming-Residuals, Predictions, Plots R.mp4.en.txt","11-AbsoluteBeginnersGuidetoStatisticalProgramming-Residuals,Predictions,PlotsR.mp4.jpg","c:/ytdl/CradleToGraveR//Absolute Beginners Guide to Statistical Programming/11 - Residuals, Predictions, Plots R/11-Absolute Beginners Guide to Statistical Programming-Residuals, Predictions, Plots R.mp4.description"
"10","c:/ytdl/CradleToGraveR//Absolute Beginners Guide to Statistical Programming/13 - RSS R Squared Math R RStudio/13-Absolute Beginners Guide to Statistical Programming-RSS R Squared Math R RStudio.mp4.info.json","c:/ytdl/CradleToGraveR//Absolute Beginners Guide to Statistical Programming/13 - RSS R Squared Math R RStudio/13-Absolute Beginners Guide to Statistical Programming-RSS R Squared Math R RStudio.mp4.en.txt","13-AbsoluteBeginnersGuidetoStatisticalProgramming-RSSRSquaredMathRRStudio.mp4.jpg","c:/ytdl/CradleToGraveR//Absolute Beginners Guide to Statistical Programming/13 - RSS R Squared Math R RStudio/13-Absolute Beginners Guide to Statistical Programming-RSS R Squared Math R RStudio.mp4.description"
"11","c:/ytdl/CradleToGraveR//Absolute Beginners Guide to Statistical Programming/14 - R Interaction Terms and Regression/14-Absolute Beginners Guide to Statistical Programming-R Interaction Terms and Regression.mp4.info.json","c:/ytdl/CradleToGraveR//Absolute Beginners Guide to Statistical Programming/14 - R Interaction Terms and Regression/14-Absolute Beginners Guide to Statistical Programming-R Interaction Terms and Regression.mp4.en.txt","14-AbsoluteBeginnersGuidetoStatisticalProgramming-RInteractionTermsandRegression.mp4.jpg","c:/ytdl/CradleToGraveR//Absolute Beginners Guide to Statistical Programming/14 - R Interaction Terms and Regression/14-Absolute Beginners Guide to Statistical Programming-R Interaction Terms and Regression.mp4.description"
"12","c:/ytdl/CradleToGraveR//Absolute Beginners Guide/01 - GOOD AUDIO - Install R & RStudio on Windows + First Script 2019/01-Absolute Beginners Guide-GOOD AUDIO - Install R & RStudio on Windows + First Script 2019.mp4.info.json","c:/ytdl/CradleToGraveR//Absolute Beginners Guide/01 - GOOD AUDIO - Install R & RStudio on Windows + First Script 2019/01-Absolute Beginners Guide-GOOD AUDIO - Install R & RStudio on Windows + First Script 2019.mp4.en.txt","01-AbsoluteBeginnersGuide-GOODAUDIO-InstallR&RStudioonWindows+FirstScript2019.mp4.jpg","c:/ytdl/CradleToGraveR//Absolute Beginners Guide/01 - GOOD AUDIO - Install R & RStudio on Windows + First Script 2019/01-Absolute Beginners Guide-GOOD AUDIO - Install R & RStudio on Windows + First Script 2019.mp4.description"
"13","c:/ytdl/CradleToGraveR//Absolute Beginners Guide/02 - Download R & R Studio - First R Script Complete Guide - Lesson 0/02-Absolute Beginners Guide-Download R & R Studio - First R Script Complete Guide - Lesson 0.webm.info.json","c:/ytdl/CradleToGraveR//Absolute Beginners Guide/02 - Download R & R Studio - First R Script Complete Guide - Lesson 0/02-Absolute Beginners Guide-Download R & R Studio - First R Script Complete Guide - Lesson 0.webm.en.txt","02-AbsoluteBeginnersGuide-DownloadR&RStudio-FirstRScriptCompleteGuide-Lesson0.webm.jpg","c:/ytdl/CradleToGraveR//Absolute Beginners Guide/02 - Download R & R Studio - First R Script Complete Guide - Lesson 0/02-Absolute Beginners Guide-Download R & R Studio - First R Script Complete Guide - Lesson 0.webm.description"
"14","c:/ytdl/CradleToGraveR//Absolute Beginners Guide/03 - Math Operations - Lesson 1 R Tutorial for Begginers/03-Absolute Beginners Guide-Math Operations - Lesson 1 R Tutorial for Begginers.mp4.info.json","c:/ytdl/CradleToGraveR//Absolute Beginners Guide/03 - Math Operations - Lesson 1 R Tutorial for Begginers/03-Absolute Beginners Guide-Math Operations - Lesson 1 R Tutorial for Begginers.mp4.en.txt","03-AbsoluteBeginnersGuide-MathOperations-Lesson1RTutorialforBegginers.mp4.jpg","c:/ytdl/CradleToGraveR//Absolute Beginners Guide/03 - Math Operations - Lesson 1 R Tutorial for Begginers/03-Absolute Beginners Guide-Math Operations - Lesson 1 R Tutorial for Begginers.mp4.description"
"15","c:/ytdl/CradleToGraveR//Absolute Beginners Guide/04 - R Markdown - Lesson 2/04-Absolute Beginners Guide-R Markdown - Lesson 2.mp4.info.json","c:/ytdl/CradleToGraveR//Absolute Beginners Guide/04 - R Markdown - Lesson 2/04-Absolute Beginners Guide-R Markdown - Lesson 2.mp4.en.txt","04-AbsoluteBeginnersGuide-RMarkdown-Lesson2.mp4.jpg","c:/ytdl/CradleToGraveR//Absolute Beginners Guide/04 - R Markdown - Lesson 2/04-Absolute Beginners Guide-R Markdown - Lesson 2.mp4.description"
"16","c:/ytdl/CradleToGraveR//Absolute Beginners Guide/05 - R Markdown Part 2 - Lesson 3/05-Absolute Beginners Guide-R Markdown Part 2 - Lesson 3.mp4.info.json","c:/ytdl/CradleToGraveR//Absolute Beginners Guide/05 - R Markdown Part 2 - Lesson 3/05-Absolute Beginners Guide-R Markdown Part 2 - Lesson 3.mp4.en.txt","05-AbsoluteBeginnersGuide-RMarkdownPart2-Lesson3.mp4.jpg","c:/ytdl/CradleToGraveR//Absolute Beginners Guide/05 - R Markdown Part 2 - Lesson 3/05-Absolute Beginners Guide-R Markdown Part 2 - Lesson 3.mp4.description"
"17","c:/ytdl/CradleToGraveR//Absolute Beginners Guide/06 - Vectors and Functions - Lesson 4/06-Absolute Beginners Guide-Vectors and Functions - Lesson 4.webm.info.json","c:/ytdl/CradleToGraveR//Absolute Beginners Guide/06 - Vectors and Functions - Lesson 4/06-Absolute Beginners Guide-Vectors and Functions - Lesson 4.webm.en.txt","06-AbsoluteBeginnersGuide-VectorsandFunctions-Lesson4.webm.jpg","c:/ytdl/CradleToGraveR//Absolute Beginners Guide/06 - Vectors and Functions - Lesson 4/06-Absolute Beginners Guide-Vectors and Functions - Lesson 4.webm.description"
"18","c:/ytdl/CradleToGraveR//Absolute Beginners Guide/07 - R Notebooks - Lesson 5/07-Absolute Beginners Guide-R Notebooks - Lesson 5.mp4.info.json","c:/ytdl/CradleToGraveR//Absolute Beginners Guide/07 - R Notebooks - Lesson 5/07-Absolute Beginners Guide-R Notebooks - Lesson 5.mp4.en.txt","07-AbsoluteBeginnersGuide-RNotebooks-Lesson5.mp4.jpg","c:/ytdl/CradleToGraveR//Absolute Beginners Guide/07 - R Notebooks - Lesson 5/07-Absolute Beginners Guide-R Notebooks - Lesson 5.mp4.description"
"19","c:/ytdl/CradleToGraveR//Absolute Beginners Guide/08 - Import CSV Files using Tidyverse - R Lesson 6/08-Absolute Beginners Guide-Import CSV Files using Tidyverse - R Lesson 6.webm.info.json","c:/ytdl/CradleToGraveR//Absolute Beginners Guide/08 - Import CSV Files using Tidyverse - R Lesson 6/08-Absolute Beginners Guide-Import CSV Files using Tidyverse - R Lesson 6.webm.en.txt","08-AbsoluteBeginnersGuide-ImportCSVFilesusingTidyverse-RLesson6.webm.jpg","c:/ytdl/CradleToGraveR//Absolute Beginners Guide/08 - Import CSV Files using Tidyverse - R Lesson 6/08-Absolute Beginners Guide-Import CSV Files using Tidyverse - R Lesson 6.webm.description"
"20","c:/ytdl/CradleToGraveR//Absolute Beginners Guide/09 - Sequence, Repeat and Sample - R Lesson 7/09-Absolute Beginners Guide-Sequence, Repeat and Sample - R Lesson 7.webm.info.json","c:/ytdl/CradleToGraveR//Absolute Beginners Guide/09 - Sequence, Repeat and Sample - R Lesson 7/09-Absolute Beginners Guide-Sequence, Repeat and Sample - R Lesson 7.webm.en.txt","09-AbsoluteBeginnersGuide-Sequence,RepeatandSample-RLesson7.webm.jpg","c:/ytdl/CradleToGraveR//Absolute Beginners Guide/09 - Sequence, Repeat and Sample - R Lesson 7/09-Absolute Beginners Guide-Sequence, Repeat and Sample - R Lesson 7.webm.description"
"21","c:/ytdl/CradleToGraveR//Absolute Beginners Guide/10 - Random Numbers, Seeds - R Lesson 8/10-Absolute Beginners Guide-Random Numbers, Seeds - R Lesson 8.webm.info.json","c:/ytdl/CradleToGraveR//Absolute Beginners Guide/10 - Random Numbers, Seeds - R Lesson 8/10-Absolute Beginners Guide-Random Numbers, Seeds - R Lesson 8.webm.en.txt","10-AbsoluteBeginnersGuide-RandomNumbers,Seeds-RLesson8.webm.jpg","c:/ytdl/CradleToGraveR//Absolute Beginners Guide/10 - Random Numbers, Seeds - R Lesson 8/10-Absolute Beginners Guide-Random Numbers, Seeds - R Lesson 8.webm.description"
"22","c:/ytdl/CradleToGraveR//Absolute Beginners Guide/11 - Subsetting Data (data frame), 1 of Many - R Lesson 9/11-Absolute Beginners Guide-Subsetting Data (data frame), 1 of Many - R Lesson 9.webm.info.json","c:/ytdl/CradleToGraveR//Absolute Beginners Guide/11 - Subsetting Data (data frame), 1 of Many - R Lesson 9/11-Absolute Beginners Guide-Subsetting Data (data frame), 1 of Many - R Lesson 9.webm.en.txt","11-AbsoluteBeginnersGuide-SubsettingData(dataframe),1ofMany-RLesson9.webm.jpg","c:/ytdl/CradleToGraveR//Absolute Beginners Guide/11 - Subsetting Data (data frame), 1 of Many - R Lesson 9/11-Absolute Beginners Guide-Subsetting Data (data frame), 1 of Many - R Lesson 9.webm.description"
"23","c:/ytdl/CradleToGraveR//Absolute Beginners Guide/12 - Subsetting Data Conditionally, 1 of Many - R Lesson 10 CradleToGraveR/12-Absolute Beginners Guide-Subsetting Data Conditionally, 1 of Many - R Lesson 10 CradleToGraveR.webm.info.json","c:/ytdl/CradleToGraveR//Absolute Beginners Guide/12 - Subsetting Data Conditionally, 1 of Many - R Lesson 10 CradleToGraveR/12-Absolute Beginners Guide-Subsetting Data Conditionally, 1 of Many - R Lesson 10 CradleToGraveR.webm.en.txt","12-AbsoluteBeginnersGuide-SubsettingDataConditionally,1ofMany-RLesson10CradleToGraveR.webm.jpg","c:/ytdl/CradleToGraveR//Absolute Beginners Guide/12 - Subsetting Data Conditionally, 1 of Many - R Lesson 10 CradleToGraveR/12-Absolute Beginners Guide-Subsetting Data Conditionally, 1 of Many - R Lesson 10 CradleToGraveR.webm.description"
"24","c:/ytdl/CradleToGraveR//Absolute Beginners Guide/13 - ggplot Scatter Plot, geom_point (first plot) - R Lesson 11 CradleToGraveR/13-Absolute Beginners Guide-ggplot Scatter Plot, geom_point (first plot) - R Lesson 11 CradleToGraveR.webm.info.json","c:/ytdl/CradleToGraveR//Absolute Beginners Guide/13 - ggplot Scatter Plot, geom_point (first plot) - R Lesson 11 CradleToGraveR/13-Absolute Beginners Guide-ggplot Scatter Plot, geom_point (first plot) - R Lesson 11 CradleToGraveR.webm.en.txt","13-AbsoluteBeginnersGuide-ggplotScatterPlot,geom_point(firstplot)-RLesson11CradleToGraveR.webm.jpg","c:/ytdl/CradleToGraveR//Absolute Beginners Guide/13 - ggplot Scatter Plot, geom_point (first plot) - R Lesson 11 CradleToGraveR/13-Absolute Beginners Guide-ggplot Scatter Plot, geom_point (first plot) - R Lesson 11 CradleToGraveR.webm.description"
"25","c:/ytdl/CradleToGraveR//Absolute Beginners Guide/14 - ggplot Labels and Titles, markdown tabs - R Lesson 12 CradleToGraveR/14-Absolute Beginners Guide-ggplot Labels and Titles, markdown tabs - R Lesson 12 CradleToGraveR.webm.info.json","c:/ytdl/CradleToGraveR//Absolute Beginners Guide/14 - ggplot Labels and Titles, markdown tabs - R Lesson 12 CradleToGraveR/14-Absolute Beginners Guide-ggplot Labels and Titles, markdown tabs - R Lesson 12 CradleToGraveR.webm.en.txt","14-AbsoluteBeginnersGuide-ggplotLabelsandTitles,markdowntabs-RLesson12CradleToGraveR.webm.jpg","c:/ytdl/CradleToGraveR//Absolute Beginners Guide/14 - ggplot Labels and Titles, markdown tabs - R Lesson 12 CradleToGraveR/14-Absolute Beginners Guide-ggplot Labels and Titles, markdown tabs - R Lesson 12 CradleToGraveR.webm.description"
"26","c:/ytdl/CradleToGraveR//Absolute Beginners Guide/15 - ggplot Colors, Size, Alpha -  R Lesson 13/15-Absolute Beginners Guide-ggplot Colors, Size, Alpha -  R Lesson 13.webm.info.json","c:/ytdl/CradleToGraveR//Absolute Beginners Guide/15 - ggplot Colors, Size, Alpha -  R Lesson 13/15-Absolute Beginners Guide-ggplot Colors, Size, Alpha -  R Lesson 13.webm.en.txt","15-AbsoluteBeginnersGuide-ggplotColors,Size,Alpha-RLesson13.webm.jpg","c:/ytdl/CradleToGraveR//Absolute Beginners Guide/15 - ggplot Colors, Size, Alpha -  R Lesson 13/15-Absolute Beginners Guide-ggplot Colors, Size, Alpha -  R Lesson 13.webm.description"
"27","c:/ytdl/CradleToGraveR//Absolute Beginners Guide/16 - Bar Charts using ggplot geom_bar - R Lesson 16/16-Absolute Beginners Guide-Bar Charts using ggplot geom_bar - R Lesson 16.webm.info.json","c:/ytdl/CradleToGraveR//Absolute Beginners Guide/16 - Bar Charts using ggplot geom_bar - R Lesson 16/16-Absolute Beginners Guide-Bar Charts using ggplot geom_bar - R Lesson 16.webm.en.txt","16-AbsoluteBeginnersGuide-BarChartsusingggplotgeom_bar-RLesson16.webm.jpg","c:/ytdl/CradleToGraveR//Absolute Beginners Guide/16 - Bar Charts using ggplot geom_bar - R Lesson 16/16-Absolute Beginners Guide-Bar Charts using ggplot geom_bar - R Lesson 16.webm.description"
"28","c:/ytdl/CradleToGraveR//Absolute Beginners Guide/17 - First flexdashboard using R/17-Absolute Beginners Guide-First flexdashboard using R.webm.info.json","c:/ytdl/CradleToGraveR//Absolute Beginners Guide/17 - First flexdashboard using R/17-Absolute Beginners Guide-First flexdashboard using R.webm.en.txt","17-AbsoluteBeginnersGuide-FirstflexdashboardusingR.webm.jpg","c:/ytdl/CradleToGraveR//Absolute Beginners Guide/17 - First flexdashboard using R/17-Absolute Beginners Guide-First flexdashboard using R.webm.description"
"29","c:/ytdl/CradleToGraveR//Absolute Beginners Guide/18 - flexdashboard 02 - valueBox, Gauge, DT/18-Absolute Beginners Guide-flexdashboard 02 - valueBox, Gauge, DT.webm.info.json","c:/ytdl/CradleToGraveR//Absolute Beginners Guide/18 - flexdashboard 02 - valueBox, Gauge, DT/18-Absolute Beginners Guide-flexdashboard 02 - valueBox, Gauge, DT.webm.en.txt","18-AbsoluteBeginnersGuide-flexdashboard02-valueBox,Gauge,DT.webm.jpg","c:/ytdl/CradleToGraveR//Absolute Beginners Guide/18 - flexdashboard 02 - valueBox, Gauge, DT/18-Absolute Beginners Guide-flexdashboard 02 - valueBox, Gauge, DT.webm.description"
"30","c:/ytdl/CradleToGraveR//Absolute Beginners Guide/19 - Scrape Reddit Comments R ExtractoR/19-Absolute Beginners Guide-Scrape Reddit Comments R ExtractoR.mp4.info.json","c:/ytdl/CradleToGraveR//Absolute Beginners Guide/19 - Scrape Reddit Comments R ExtractoR/19-Absolute Beginners Guide-Scrape Reddit Comments R ExtractoR.mp4.en.txt","19-AbsoluteBeginnersGuide-ScrapeRedditCommentsRExtractoR.mp4.jpg","c:/ytdl/CradleToGraveR//Absolute Beginners Guide/19 - Scrape Reddit Comments R ExtractoR/19-Absolute Beginners Guide-Scrape Reddit Comments R ExtractoR.mp4.description"
"31","c:/ytdl/CradleToGraveR//Absolute Beginners Guide/21 - R Studio Shortcut Tips/21-Absolute Beginners Guide-R Studio Shortcut Tips.webm.info.json","c:/ytdl/CradleToGraveR//Absolute Beginners Guide/21 - R Studio Shortcut Tips/21-Absolute Beginners Guide-R Studio Shortcut Tips.webm.en.txt","21-AbsoluteBeginnersGuide-RStudioShortcutTips.webm.jpg","c:/ytdl/CradleToGraveR//Absolute Beginners Guide/21 - R Studio Shortcut Tips/21-Absolute Beginners Guide-R Studio Shortcut Tips.webm.description"
"32","c:/ytdl/CradleToGraveR//Absolute Beginners Guide/22 - R Test if a vector contains a given element/22-Absolute Beginners Guide-R Test if a vector contains a given element.mp4.info.json","c:/ytdl/CradleToGraveR//Absolute Beginners Guide/22 - R Test if a vector contains a given element/22-Absolute Beginners Guide-R Test if a vector contains a given element.mp4.en.txt","22-AbsoluteBeginnersGuide-RTestifavectorcontainsagivenelement.mp4.jpg","c:/ytdl/CradleToGraveR//Absolute Beginners Guide/22 - R Test if a vector contains a given element/22-Absolute Beginners Guide-R Test if a vector contains a given element.mp4.description"
"33","c:/ytdl/CradleToGraveR//Absolute Beginners Guide/23 - dplyr group_by summarize at all vars fun/23-Absolute Beginners Guide-dplyr group_by summarize at all vars fun.mp4.info.json","c:/ytdl/CradleToGraveR//Absolute Beginners Guide/23 - dplyr group_by summarize at all vars fun/23-Absolute Beginners Guide-dplyr group_by summarize at all vars fun.mp4.en.txt","23-AbsoluteBeginnersGuide-dplyrgroup_bysummarizeatallvarsfun.mp4.jpg","c:/ytdl/CradleToGraveR//Absolute Beginners Guide/23 - dplyr group_by summarize at all vars fun/23-Absolute Beginners Guide-dplyr group_by summarize at all vars fun.mp4.description"
"34","c:/ytdl/CradleToGraveR//Absolute Beginners Guide/24 - GGPLOT2 & DPLYR Enhanced Plots using gapminder Data/24-Absolute Beginners Guide-GGPLOT2 & DPLYR Enhanced Plots using gapminder Data.mp4.info.json","c:/ytdl/CradleToGraveR//Absolute Beginners Guide/24 - GGPLOT2 & DPLYR Enhanced Plots using gapminder Data/24-Absolute Beginners Guide-GGPLOT2 & DPLYR Enhanced Plots using gapminder Data.mp4.en.txt","24-AbsoluteBeginnersGuide-GGPLOT2&DPLYREnhancedPlotsusinggapminderData.mp4.jpg","c:/ytdl/CradleToGraveR//Absolute Beginners Guide/24 - GGPLOT2 & DPLYR Enhanced Plots using gapminder Data/24-Absolute Beginners Guide-GGPLOT2 & DPLYR Enhanced Plots using gapminder Data.mp4.description"
"35","c:/ytdl/CradleToGraveR//Absolute Beginners Guide/25 - factor level dataframe R/25-Absolute Beginners Guide-factor level dataframe R.webm.info.json","c:/ytdl/CradleToGraveR//Absolute Beginners Guide/25 - factor level dataframe R/25-Absolute Beginners Guide-factor level dataframe R.webm.en.txt","25-AbsoluteBeginnersGuide-factorleveldataframeR.webm.jpg","c:/ytdl/CradleToGraveR//Absolute Beginners Guide/25 - factor level dataframe R/25-Absolute Beginners Guide-factor level dataframe R.webm.description"
"36","c:/ytdl/CradleToGraveR//Absolute Beginners Guide/26 - Base R Plot Customized/26-Absolute Beginners Guide-Base R Plot Customized.webm.info.json","c:/ytdl/CradleToGraveR//Absolute Beginners Guide/26 - Base R Plot Customized/26-Absolute Beginners Guide-Base R Plot Customized.webm.en.txt","26-AbsoluteBeginnersGuide-BaseRPlotCustomized.webm.jpg","c:/ytdl/CradleToGraveR//Absolute Beginners Guide/26 - Base R Plot Customized/26-Absolute Beginners Guide-Base R Plot Customized.webm.description"
"37","c:/ytdl/CradleToGraveR//Absolute Beginners Guide/27 - Custom Plot Functions in R/27-Absolute Beginners Guide-Custom Plot Functions in R.webm.info.json","c:/ytdl/CradleToGraveR//Absolute Beginners Guide/27 - Custom Plot Functions in R/27-Absolute Beginners Guide-Custom Plot Functions in R.webm.en.txt","27-AbsoluteBeginnersGuide-CustomPlotFunctionsinR.webm.jpg","c:/ytdl/CradleToGraveR//Absolute Beginners Guide/27 - Custom Plot Functions in R/27-Absolute Beginners Guide-Custom Plot Functions in R.webm.description"
"38","c:/ytdl/CradleToGraveR//Absolute Beginners Guide/28 - Updated - End to End Covid-19 Analysis with R - Import Data (1)/28-Absolute Beginners Guide-Updated - End to End Covid-19 Analysis with R - Import Data (1).webm.info.json","c:/ytdl/CradleToGraveR//Absolute Beginners Guide/28 - Updated - End to End Covid-19 Analysis with R - Import Data (1)/28-Absolute Beginners Guide-Updated - End to End Covid-19 Analysis with R - Import Data (1).webm.en.txt","28-AbsoluteBeginnersGuide-Updated-EndtoEndCovid-19AnalysiswithR-ImportData(1).webm.jpg","c:/ytdl/CradleToGraveR//Absolute Beginners Guide/28 - Updated - End to End Covid-19 Analysis with R - Import Data (1)/28-Absolute Beginners Guide-Updated - End to End Covid-19 Analysis with R - Import Data (1).webm.description"
"39","c:/ytdl/CradleToGraveR//Absolute Beginners Guide/30 - R CDC Data Fixed rmarkdown Tutorial/30-Absolute Beginners Guide-R CDC Data Fixed rmarkdown Tutorial.webm.info.json","c:/ytdl/CradleToGraveR//Absolute Beginners Guide/30 - R CDC Data Fixed rmarkdown Tutorial/30-Absolute Beginners Guide-R CDC Data Fixed rmarkdown Tutorial.webm.en.txt","30-AbsoluteBeginnersGuide-RCDCDataFixedrmarkdownTutorial.webm.jpg","c:/ytdl/CradleToGraveR//Absolute Beginners Guide/30 - R CDC Data Fixed rmarkdown Tutorial/30-Absolute Beginners Guide-R CDC Data Fixed rmarkdown Tutorial.webm.description"
"40","c:/ytdl/CradleToGraveR//Absolute Beginners Guide/31 - Kable Table with R and Coronavirus COVID 19 Death Rates/31-Absolute Beginners Guide-Kable Table with R and Coronavirus COVID 19 Death Rates.webm.info.json","c:/ytdl/CradleToGraveR//Absolute Beginners Guide/31 - Kable Table with R and Coronavirus COVID 19 Death Rates/31-Absolute Beginners Guide-Kable Table with R and Coronavirus COVID 19 Death Rates.webm.en.txt","31-AbsoluteBeginnersGuide-KableTablewithRandCoronavirusCOVID19DeathRates.webm.jpg","c:/ytdl/CradleToGraveR//Absolute Beginners Guide/31 - Kable Table with R and Coronavirus COVID 19 Death Rates/31-Absolute Beginners Guide-Kable Table with R and Coronavirus COVID 19 Death Rates.webm.description"
"41","c:/ytdl/CradleToGraveR//Absolute Beginners Guide/32 - Plot COVID 19 coronavirus Data using R dplyr and ggplot/32-Absolute Beginners Guide-Plot COVID 19 coronavirus Data using R dplyr and ggplot.webm.info.json","c:/ytdl/CradleToGraveR//Absolute Beginners Guide/32 - Plot COVID 19 coronavirus Data using R dplyr and ggplot/32-Absolute Beginners Guide-Plot COVID 19 coronavirus Data using R dplyr and ggplot.webm.en.txt","32-AbsoluteBeginnersGuide-PlotCOVID19coronavirusDatausingRdplyrandggplot.webm.jpg","c:/ytdl/CradleToGraveR//Absolute Beginners Guide/32 - Plot COVID 19 coronavirus Data using R dplyr and ggplot/32-Absolute Beginners Guide-Plot COVID 19 coronavirus Data using R dplyr and ggplot.webm.description"
"42","c:/ytdl/CradleToGraveR//Absolute Beginners Guide/33 - DT datatable COVID 19 coronavirus sort with R/33-Absolute Beginners Guide-DT datatable COVID 19 coronavirus sort with R.mp4.info.json","c:/ytdl/CradleToGraveR//Absolute Beginners Guide/33 - DT datatable COVID 19 coronavirus sort with R/33-Absolute Beginners Guide-DT datatable COVID 19 coronavirus sort with R.mp4.en.txt","33-AbsoluteBeginnersGuide-DTdatatableCOVID19coronavirussortwithR.mp4.jpg","c:/ytdl/CradleToGraveR//Absolute Beginners Guide/33 - DT datatable COVID 19 coronavirus sort with R/33-Absolute Beginners Guide-DT datatable COVID 19 coronavirus sort with R.mp4.description"
"43","c:/ytdl/CradleToGraveR//Absolute Beginners Guide/35 - Statistical Programming with R - Estimating f (Notation)/35-Absolute Beginners Guide-Statistical Programming with R - Estimating f (Notation).mp4.info.json","c:/ytdl/CradleToGraveR//Absolute Beginners Guide/35 - Statistical Programming with R - Estimating f (Notation)/35-Absolute Beginners Guide-Statistical Programming with R - Estimating f (Notation).mp4.en.txt","35-AbsoluteBeginnersGuide-StatisticalProgrammingwithR-Estimatingf(Notation).mp4.jpg","c:/ytdl/CradleToGraveR//Absolute Beginners Guide/35 - Statistical Programming with R - Estimating f (Notation)/35-Absolute Beginners Guide-Statistical Programming with R - Estimating f (Notation).mp4.description"
"44","c:/ytdl/CradleToGraveR//Absolute Beginners Guide/36 - Statistical Programming - Expected Value/36-Absolute Beginners Guide-Statistical Programming - Expected Value.mp4.info.json","c:/ytdl/CradleToGraveR//Absolute Beginners Guide/36 - Statistical Programming - Expected Value/36-Absolute Beginners Guide-Statistical Programming - Expected Value.mp4.en.txt","36-AbsoluteBeginnersGuide-StatisticalProgramming-ExpectedValue.mp4.jpg","c:/ytdl/CradleToGraveR//Absolute Beginners Guide/36 - Statistical Programming - Expected Value/36-Absolute Beginners Guide-Statistical Programming - Expected Value.mp4.description"
"45","c:/ytdl/CradleToGraveR//Absolute Beginners Guide/37 - Linear Regression with R 01/37-Absolute Beginners Guide-Linear Regression with R 01.mp4.info.json","c:/ytdl/CradleToGraveR//Absolute Beginners Guide/37 - Linear Regression with R 01/37-Absolute Beginners Guide-Linear Regression with R 01.mp4.en.txt","37-AbsoluteBeginnersGuide-LinearRegressionwithR01.mp4.jpg","c:/ytdl/CradleToGraveR//Absolute Beginners Guide/37 - Linear Regression with R 01/37-Absolute Beginners Guide-Linear Regression with R 01.mp4.description"
"47","c:/ytdl/CradleToGraveR//Absolute Beginners Guide/39 - Linear Regression LM using R Plot Line/39-Absolute Beginners Guide-Linear Regression LM using R Plot Line.mp4.info.json","c:/ytdl/CradleToGraveR//Absolute Beginners Guide/39 - Linear Regression LM using R Plot Line/39-Absolute Beginners Guide-Linear Regression LM using R Plot Line.mp4.en.txt","39-AbsoluteBeginnersGuide-LinearRegressionLMusingRPlotLine.mp4.jpg","c:/ytdl/CradleToGraveR//Absolute Beginners Guide/39 - Linear Regression LM using R Plot Line/39-Absolute Beginners Guide-Linear Regression LM using R Plot Line.mp4.description"
"48","c:/ytdl/CradleToGraveR//Absolute Beginners Guide/40 - Equation of Line from Linear Model in R/40-Absolute Beginners Guide-Equation of Line from Linear Model in R.mp4.info.json","c:/ytdl/CradleToGraveR//Absolute Beginners Guide/40 - Equation of Line from Linear Model in R/40-Absolute Beginners Guide-Equation of Line from Linear Model in R.mp4.en.txt","40-AbsoluteBeginnersGuide-EquationofLinefromLinearModelinR.mp4.jpg","c:/ytdl/CradleToGraveR//Absolute Beginners Guide/40 - Equation of Line from Linear Model in R/40-Absolute Beginners Guide-Equation of Line from Linear Model in R.mp4.description"
"49","c:/ytdl/CradleToGraveR//Absolute Beginners Guide/41 - CradleToGraveR Live Stream - Using predict function/41-Absolute Beginners Guide-CradleToGraveR Live Stream - Using predict function.mp4.info.json","c:/ytdl/CradleToGraveR//Absolute Beginners Guide/41 - CradleToGraveR Live Stream - Using predict function/41-Absolute Beginners Guide-CradleToGraveR Live Stream - Using predict function.mp4.en.txt","41-AbsoluteBeginnersGuide-CradleToGraveRLiveStream-Usingpredictfunction.mp4.jpg","c:/ytdl/CradleToGraveR//Absolute Beginners Guide/41 - CradleToGraveR Live Stream - Using predict function/41-Absolute Beginners Guide-CradleToGraveR Live Stream - Using predict function.mp4.description"
"50","c:/ytdl/CradleToGraveR//Absolute Beginners Guide/42 - R Predict Plot Model 2/42-Absolute Beginners Guide-R Predict Plot Model 2.mp4.info.json","c:/ytdl/CradleToGraveR//Absolute Beginners Guide/42 - R Predict Plot Model 2/42-Absolute Beginners Guide-R Predict Plot Model 2.mp4.en.txt","42-AbsoluteBeginnersGuide-RPredictPlotModel2.mp4.jpg","c:/ytdl/CradleToGraveR//Absolute Beginners Guide/42 - R Predict Plot Model 2/42-Absolute Beginners Guide-R Predict Plot Model 2.mp4.description"
"51","c:/ytdl/CradleToGraveR//Absolute Beginners Guide/43 - Multi Linear Regression with R/43-Absolute Beginners Guide-Multi Linear Regression with R.mp4.info.json","c:/ytdl/CradleToGraveR//Absolute Beginners Guide/43 - Multi Linear Regression with R/43-Absolute Beginners Guide-Multi Linear Regression with R.mp4.en.txt","43-AbsoluteBeginnersGuide-MultiLinearRegressionwithR.mp4.jpg","c:/ytdl/CradleToGraveR//Absolute Beginners Guide/43 - Multi Linear Regression with R/43-Absolute Beginners Guide-Multi Linear Regression with R.mp4.description"
"52","c:/ytdl/CradleToGraveR//Absolute Beginners Guide/44 - Correlation Matrix in R with corplot/44-Absolute Beginners Guide-Correlation Matrix in R with corplot.mp4.info.json","c:/ytdl/CradleToGraveR//Absolute Beginners Guide/44 - Correlation Matrix in R with corplot/44-Absolute Beginners Guide-Correlation Matrix in R with corplot.mp4.en.txt","44-AbsoluteBeginnersGuide-CorrelationMatrixinRwithcorplot.mp4.jpg","c:/ytdl/CradleToGraveR//Absolute Beginners Guide/44 - Correlation Matrix in R with corplot/44-Absolute Beginners Guide-Correlation Matrix in R with corplot.mp4.description"
"53","c:/ytdl/CradleToGraveR//Absolute Beginners Guide/45 - Residuals, Predictions, Plots R/45-Absolute Beginners Guide-Residuals, Predictions, Plots R.mp4.info.json","c:/ytdl/CradleToGraveR//Absolute Beginners Guide/45 - Residuals, Predictions, Plots R/45-Absolute Beginners Guide-Residuals, Predictions, Plots R.mp4.en.txt","45-AbsoluteBeginnersGuide-Residuals,Predictions,PlotsR.mp4.jpg","c:/ytdl/CradleToGraveR//Absolute Beginners Guide/45 - Residuals, Predictions, Plots R/45-Absolute Beginners Guide-Residuals, Predictions, Plots R.mp4.description"
"54","c:/ytdl/CradleToGraveR//Absolute Beginners Guide/46 - CradleToGraveR Live Stream - Unzip Directory of Files/46-Absolute Beginners Guide-CradleToGraveR Live Stream - Unzip Directory of Files.mp4.info.json","c:/ytdl/CradleToGraveR//Absolute Beginners Guide/46 - CradleToGraveR Live Stream - Unzip Directory of Files/46-Absolute Beginners Guide-CradleToGraveR Live Stream - Unzip Directory of Files.mp4.en.txt","46-AbsoluteBeginnersGuide-CradleToGraveRLiveStream-UnzipDirectoryofFiles.mp4.jpg","c:/ytdl/CradleToGraveR//Absolute Beginners Guide/46 - CradleToGraveR Live Stream - Unzip Directory of Files/46-Absolute Beginners Guide-CradleToGraveR Live Stream - Unzip Directory of Files.mp4.description"
"55","c:/ytdl/CradleToGraveR//Absolute Beginners Guide/47 - R Unzip Entire Directory of Files plyr package RStudio/47-Absolute Beginners Guide-R Unzip Entire Directory of Files plyr package RStudio.mp4.info.json","c:/ytdl/CradleToGraveR//Absolute Beginners Guide/47 - R Unzip Entire Directory of Files plyr package RStudio/47-Absolute Beginners Guide-R Unzip Entire Directory of Files plyr package RStudio.mp4.en.txt","47-AbsoluteBeginnersGuide-RUnzipEntireDirectoryofFilesplyrpackageRStudio.mp4.jpg","c:/ytdl/CradleToGraveR//Absolute Beginners Guide/47 - R Unzip Entire Directory of Files plyr package RStudio/47-Absolute Beginners Guide-R Unzip Entire Directory of Files plyr package RStudio.mp4.description"
"56","c:/ytdl/CradleToGraveR//Absolute Beginners Guide/48 - R Squared Adjusted R Squared RStudio Linear Models/48-Absolute Beginners Guide-R Squared Adjusted R Squared RStudio Linear Models.mp4.info.json","c:/ytdl/CradleToGraveR//Absolute Beginners Guide/48 - R Squared Adjusted R Squared RStudio Linear Models/48-Absolute Beginners Guide-R Squared Adjusted R Squared RStudio Linear Models.mp4.en.txt","48-AbsoluteBeginnersGuide-RSquaredAdjustedRSquaredRStudioLinearModels.mp4.jpg","c:/ytdl/CradleToGraveR//Absolute Beginners Guide/48 - R Squared Adjusted R Squared RStudio Linear Models/48-Absolute Beginners Guide-R Squared Adjusted R Squared RStudio Linear Models.mp4.description"
"57","c:/ytdl/CradleToGraveR//Absolute Beginners Guide/49 - RSS R Squared Math R RStudio/49-Absolute Beginners Guide-RSS R Squared Math R RStudio.mp4.info.json","c:/ytdl/CradleToGraveR//Absolute Beginners Guide/49 - RSS R Squared Math R RStudio/49-Absolute Beginners Guide-RSS R Squared Math R RStudio.mp4.en.txt","49-AbsoluteBeginnersGuide-RSSRSquaredMathRRStudio.mp4.jpg","c:/ytdl/CradleToGraveR//Absolute Beginners Guide/49 - RSS R Squared Math R RStudio/49-Absolute Beginners Guide-RSS R Squared Math R RStudio.mp4.description"
"58","c:/ytdl/CradleToGraveR//Absolute Beginners Guide/50 - R Interaction Terms and Regression/50-Absolute Beginners Guide-R Interaction Terms and Regression.mp4.info.json","c:/ytdl/CradleToGraveR//Absolute Beginners Guide/50 - R Interaction Terms and Regression/50-Absolute Beginners Guide-R Interaction Terms and Regression.mp4.en.txt","50-AbsoluteBeginnersGuide-RInteractionTermsandRegression.mp4.jpg","c:/ytdl/CradleToGraveR//Absolute Beginners Guide/50 - R Interaction Terms and Regression/50-Absolute Beginners Guide-R Interaction Terms and Regression.mp4.description"
"59","c:/ytdl/CradleToGraveR//Absolute Beginners Guide/51 - here() and ggsave 'I will set your computer on fire' - Why/51-Absolute Beginners Guide-here() and ggsave 'I will set your computer on fire' - Why.mp4.info.json","c:/ytdl/CradleToGraveR//Absolute Beginners Guide/51 - here() and ggsave 'I will set your computer on fire' - Why/51-Absolute Beginners Guide-here() and ggsave 'I will set your computer on fire' - Why.mp4.en.txt","51-AbsoluteBeginnersGuide-here()andggsave'Iwillsetyourcomputeronfire'-Why.mp4.jpg","c:/ytdl/CradleToGraveR//Absolute Beginners Guide/51 - here() and ggsave 'I will set your computer on fire' - Why/51-Absolute Beginners Guide-here() and ggsave 'I will set your computer on fire' - Why.mp4.description"
"60","c:/ytdl/CradleToGraveR//Absolute Beginners Guide/52 - Who am I Why do I teach R/52-Absolute Beginners Guide-Who am I Why do I teach R.mp4.info.json","c:/ytdl/CradleToGraveR//Absolute Beginners Guide/52 - Who am I Why do I teach R/52-Absolute Beginners Guide-Who am I Why do I teach R.mp4.en.txt","52-AbsoluteBeginnersGuide-WhoamIWhydoIteachR.mp4.jpg","c:/ytdl/CradleToGraveR//Absolute Beginners Guide/52 - Who am I Why do I teach R/52-Absolute Beginners Guide-Who am I Why do I teach R.mp4.description"
"61","c:/ytdl/CradleToGraveR//Absolute Beginners Guide/53 - dput - R Reproducible Example for Stack Overflow/53-Absolute Beginners Guide-dput - R Reproducible Example for Stack Overflow.mp4.info.json","c:/ytdl/CradleToGraveR//Absolute Beginners Guide/53 - dput - R Reproducible Example for Stack Overflow/53-Absolute Beginners Guide-dput - R Reproducible Example for Stack Overflow.mp4.en.txt","53-AbsoluteBeginnersGuide-dput-RReproducibleExampleforStackOverflow.mp4.jpg","c:/ytdl/CradleToGraveR//Absolute Beginners Guide/53 - dput - R Reproducible Example for Stack Overflow/53-Absolute Beginners Guide-dput - R Reproducible Example for Stack Overflow.mp4.description"
"62","c:/ytdl/CradleToGraveR//Absolute Beginners Guide/54 - R Hugo Web Site Lesson 1/54-Absolute Beginners Guide-R Hugo Web Site Lesson 1.mp4.info.json","c:/ytdl/CradleToGraveR//Absolute Beginners Guide/54 - R Hugo Web Site Lesson 1/54-Absolute Beginners Guide-R Hugo Web Site Lesson 1.mp4.en.txt","54-AbsoluteBeginnersGuide-RHugoWebSiteLesson1.mp4.jpg","c:/ytdl/CradleToGraveR//Absolute Beginners Guide/54 - R Hugo Web Site Lesson 1/54-Absolute Beginners Guide-R Hugo Web Site Lesson 1.mp4.description"
"63","c:/ytdl/CradleToGraveR//Absolute Beginners Guide/55 - R Hugo Theme and Dynamic Changes/55-Absolute Beginners Guide-R Hugo Theme and Dynamic Changes.mp4.info.json","c:/ytdl/CradleToGraveR//Absolute Beginners Guide/55 - R Hugo Theme and Dynamic Changes/55-Absolute Beginners Guide-R Hugo Theme and Dynamic Changes.mp4.en.txt","55-AbsoluteBeginnersGuide-RHugoThemeandDynamicChanges.mp4.jpg","c:/ytdl/CradleToGraveR//Absolute Beginners Guide/55 - R Hugo Theme and Dynamic Changes/55-Absolute Beginners Guide-R Hugo Theme and Dynamic Changes.mp4.description"
"64","c:/ytdl/CradleToGraveR//Absolute Beginners Guide/56 - Hugo Blogdown Tutorial with R RStudio Customize Menus Layouts/56-Absolute Beginners Guide-Hugo Blogdown Tutorial with R RStudio Customize Menus Layouts.webm.info.json","c:/ytdl/CradleToGraveR//Absolute Beginners Guide/56 - Hugo Blogdown Tutorial with R RStudio Customize Menus Layouts/56-Absolute Beginners Guide-Hugo Blogdown Tutorial with R RStudio Customize Menus Layouts.webm.en.txt","56-AbsoluteBeginnersGuide-HugoBlogdownTutorialwithRRStudioCustomizeMenusLayouts.webm.jpg","c:/ytdl/CradleToGraveR//Absolute Beginners Guide/56 - Hugo Blogdown Tutorial with R RStudio Customize Menus Layouts/56-Absolute Beginners Guide-Hugo Blogdown Tutorial with R RStudio Customize Menus Layouts.webm.description"
"65","c:/ytdl/CradleToGraveR//Absolute Beginners Guide/57 - Blogdown Hugo to GitHub with RStudio/57-Absolute Beginners Guide-Blogdown Hugo to GitHub with RStudio.mp4.info.json","c:/ytdl/CradleToGraveR//Absolute Beginners Guide/57 - Blogdown Hugo to GitHub with RStudio/57-Absolute Beginners Guide-Blogdown Hugo to GitHub with RStudio.mp4.en.txt","57-AbsoluteBeginnersGuide-BlogdownHugotoGitHubwithRStudio.mp4.jpg","c:/ytdl/CradleToGraveR//Absolute Beginners Guide/57 - Blogdown Hugo to GitHub with RStudio/57-Absolute Beginners Guide-Blogdown Hugo to GitHub with RStudio.mp4.description"
"66","c:/ytdl/CradleToGraveR//Absolute Beginners Guide/58 - RStudio to Github to Netlify Live Site   blogdown Hugo/58-Absolute Beginners Guide-RStudio to Github to Netlify Live Site   blogdown Hugo.mp4.info.json","c:/ytdl/CradleToGraveR//Absolute Beginners Guide/58 - RStudio to Github to Netlify Live Site   blogdown Hugo/58-Absolute Beginners Guide-RStudio to Github to Netlify Live Site   blogdown Hugo.mp4.en.txt","58-AbsoluteBeginnersGuide-RStudiotoGithubtoNetlifyLiveSiteblogdownHugo.mp4.jpg","c:/ytdl/CradleToGraveR//Absolute Beginners Guide/58 - RStudio to Github to Netlify Live Site   blogdown Hugo/58-Absolute Beginners Guide-RStudio to Github to Netlify Live Site   blogdown Hugo.mp4.description"
"67","c:/ytdl/CradleToGraveR//Absolute Beginners Guide/59 - Netlify Custom URL and New Post with RStudio Blogdown Hugo/59-Absolute Beginners Guide-Netlify Custom URL and New Post with RStudio Blogdown Hugo.mp4.info.json","c:/ytdl/CradleToGraveR//Absolute Beginners Guide/59 - Netlify Custom URL and New Post with RStudio Blogdown Hugo/59-Absolute Beginners Guide-Netlify Custom URL and New Post with RStudio Blogdown Hugo.mp4.en.txt","59-AbsoluteBeginnersGuide-NetlifyCustomURLandNewPostwithRStudioBlogdownHugo.mp4.jpg","c:/ytdl/CradleToGraveR//Absolute Beginners Guide/59 - Netlify Custom URL and New Post with RStudio Blogdown Hugo/59-Absolute Beginners Guide-Netlify Custom URL and New Post with RStudio Blogdown Hugo.mp4.description"
"68","c:/ytdl/CradleToGraveR//COVID-19 Analysis/1 - Updated - End to End Covid-19 Analysis with R - Import Data (1)/1-COVID-19 Analysis-Updated - End to End Covid-19 Analysis with R - Import Data (1).webm.info.json","c:/ytdl/CradleToGraveR//COVID-19 Analysis/1 - Updated - End to End Covid-19 Analysis with R - Import Data (1)/1-COVID-19 Analysis-Updated - End to End Covid-19 Analysis with R - Import Data (1).webm.en.txt","1-COVID-19Analysis-Updated-EndtoEndCovid-19AnalysiswithR-ImportData(1).webm.jpg","c:/ytdl/CradleToGraveR//COVID-19 Analysis/1 - Updated - End to End Covid-19 Analysis with R - Import Data (1)/1-COVID-19 Analysis-Updated - End to End Covid-19 Analysis with R - Import Data (1).webm.description"
"69","c:/ytdl/CradleToGraveR//COVID-19 Analysis/2 - COVID-19 Coronavirus analysis with R Concatenate Strings with Date & paste0/2-COVID-19 Analysis-COVID-19 Coronavirus analysis with R Concatenate Strings with Date & paste0.webm.info.json","c:/ytdl/CradleToGraveR//COVID-19 Analysis/2 - COVID-19 Coronavirus analysis with R Concatenate Strings with Date & paste0/2-COVID-19 Analysis-COVID-19 Coronavirus analysis with R Concatenate Strings with Date & paste0.webm.en.txt","2-COVID-19Analysis-COVID-19CoronavirusanalysiswithRConcatenateStringswithDate&paste0.webm.jpg","c:/ytdl/CradleToGraveR//COVID-19 Analysis/2 - COVID-19 Coronavirus analysis with R Concatenate Strings with Date & paste0/2-COVID-19 Analysis-COVID-19 Coronavirus analysis with R Concatenate Strings with Date & paste0.webm.description"
"70","c:/ytdl/CradleToGraveR//COVID-19 Analysis/3 - R CDC Data Fixed rmarkdown Tutorial/3-COVID-19 Analysis-R CDC Data Fixed rmarkdown Tutorial.webm.info.json","c:/ytdl/CradleToGraveR//COVID-19 Analysis/3 - R CDC Data Fixed rmarkdown Tutorial/3-COVID-19 Analysis-R CDC Data Fixed rmarkdown Tutorial.webm.en.txt","3-COVID-19Analysis-RCDCDataFixedrmarkdownTutorial.webm.jpg","c:/ytdl/CradleToGraveR//COVID-19 Analysis/3 - R CDC Data Fixed rmarkdown Tutorial/3-COVID-19 Analysis-R CDC Data Fixed rmarkdown Tutorial.webm.description"
"71","c:/ytdl/CradleToGraveR//COVID-19 Analysis/4 - Kable Table with R and Coronavirus COVID 19 Death Rates/4-COVID-19 Analysis-Kable Table with R and Coronavirus COVID 19 Death Rates.webm.info.json","c:/ytdl/CradleToGraveR//COVID-19 Analysis/4 - Kable Table with R and Coronavirus COVID 19 Death Rates/4-COVID-19 Analysis-Kable Table with R and Coronavirus COVID 19 Death Rates.webm.en.txt","4-COVID-19Analysis-KableTablewithRandCoronavirusCOVID19DeathRates.webm.jpg","c:/ytdl/CradleToGraveR//COVID-19 Analysis/4 - Kable Table with R and Coronavirus COVID 19 Death Rates/4-COVID-19 Analysis-Kable Table with R and Coronavirus COVID 19 Death Rates.webm.description"
"72","c:/ytdl/CradleToGraveR//COVID-19 Analysis/6 - Plot COVID 19 coronavirus Data using R dplyr and ggplot/6-COVID-19 Analysis-Plot COVID 19 coronavirus Data using R dplyr and ggplot.webm.info.json","c:/ytdl/CradleToGraveR//COVID-19 Analysis/6 - Plot COVID 19 coronavirus Data using R dplyr and ggplot/6-COVID-19 Analysis-Plot COVID 19 coronavirus Data using R dplyr and ggplot.webm.en.txt","6-COVID-19Analysis-PlotCOVID19coronavirusDatausingRdplyrandggplot.webm.jpg","c:/ytdl/CradleToGraveR//COVID-19 Analysis/6 - Plot COVID 19 coronavirus Data using R dplyr and ggplot/6-COVID-19 Analysis-Plot COVID 19 coronavirus Data using R dplyr and ggplot.webm.description"
"73","c:/ytdl/CradleToGraveR//COVID-19 Analysis/7 - DT datatable COVID 19 coronavirus sort with R/7-COVID-19 Analysis-DT datatable COVID 19 coronavirus sort with R.mp4.info.json","c:/ytdl/CradleToGraveR//COVID-19 Analysis/7 - DT datatable COVID 19 coronavirus sort with R/7-COVID-19 Analysis-DT datatable COVID 19 coronavirus sort with R.mp4.en.txt","7-COVID-19Analysis-DTdatatableCOVID19coronavirussortwithR.mp4.jpg","c:/ytdl/CradleToGraveR//COVID-19 Analysis/7 - DT datatable COVID 19 coronavirus sort with R/7-COVID-19 Analysis-DT datatable COVID 19 coronavirus sort with R.mp4.description"
"74","c:/ytdl/CradleToGraveR//COVID-19 Analysis/8 - COVID CSV Data Update Plot - data from European Center for Disease and Prevention/8-COVID-19 Analysis-COVID CSV Data Update Plot - data from European Center for Disease and Prevention.mp4.info.json","c:/ytdl/CradleToGraveR//COVID-19 Analysis/8 - COVID CSV Data Update Plot - data from European Center for Disease and Prevention/8-COVID-19 Analysis-COVID CSV Data Update Plot - data from European Center for Disease and Prevention.mp4.en.txt","8-COVID-19Analysis-COVIDCSVDataUpdatePlot-datafromEuropeanCenterforDiseaseandPrevention.mp4.jpg","c:/ytdl/CradleToGraveR//COVID-19 Analysis/8 - COVID CSV Data Update Plot - data from European Center for Disease and Prevention/8-COVID-19 Analysis-COVID CSV Data Update Plot - data from European Center for Disease and Prevention.mp4.description"
"75","c:/ytdl/CradleToGraveR//COVID-19 Analysis/9 - Fastest COVID19 Scrape using R - Complete Tutorial in under 30 min/9-COVID-19 Analysis-Fastest COVID19 Scrape using R - Complete Tutorial in under 30 min.mp4.info.json","c:/ytdl/CradleToGraveR//COVID-19 Analysis/9 - Fastest COVID19 Scrape using R - Complete Tutorial in under 30 min/9-COVID-19 Analysis-Fastest COVID19 Scrape using R - Complete Tutorial in under 30 min.mp4.en.txt","9-COVID-19Analysis-FastestCOVID19ScrapeusingR-CompleteTutorialinunder30min.mp4.jpg","c:/ytdl/CradleToGraveR//COVID-19 Analysis/9 - Fastest COVID19 Scrape using R - Complete Tutorial in under 30 min/9-COVID-19 Analysis-Fastest COVID19 Scrape using R - Complete Tutorial in under 30 min.mp4.description"
"76","c:/ytdl/CradleToGraveR//ggplot/01 - ggplot Scatter Plot, geom_point (first plot) - R Lesson 11 CradleToGraveR/01-ggplot-ggplot Scatter Plot, geom_point (first plot) - R Lesson 11 CradleToGraveR.webm.info.json","c:/ytdl/CradleToGraveR//ggplot/01 - ggplot Scatter Plot, geom_point (first plot) - R Lesson 11 CradleToGraveR/01-ggplot-ggplot Scatter Plot, geom_point (first plot) - R Lesson 11 CradleToGraveR.webm.en.txt","01-ggplot-ggplotScatterPlot,geom_point(firstplot)-RLesson11CradleToGraveR.webm.jpg","c:/ytdl/CradleToGraveR//ggplot/01 - ggplot Scatter Plot, geom_point (first plot) - R Lesson 11 CradleToGraveR/01-ggplot-ggplot Scatter Plot, geom_point (first plot) - R Lesson 11 CradleToGraveR.webm.description"
"77","c:/ytdl/CradleToGraveR//ggplot/02 - ggplot Labels and Titles, markdown tabs - R Lesson 12 CradleToGraveR/02-ggplot-ggplot Labels and Titles, markdown tabs - R Lesson 12 CradleToGraveR.webm.info.json","c:/ytdl/CradleToGraveR//ggplot/02 - ggplot Labels and Titles, markdown tabs - R Lesson 12 CradleToGraveR/02-ggplot-ggplot Labels and Titles, markdown tabs - R Lesson 12 CradleToGraveR.webm.en.txt","02-ggplot-ggplotLabelsandTitles,markdowntabs-RLesson12CradleToGraveR.webm.jpg","c:/ytdl/CradleToGraveR//ggplot/02 - ggplot Labels and Titles, markdown tabs - R Lesson 12 CradleToGraveR/02-ggplot-ggplot Labels and Titles, markdown tabs - R Lesson 12 CradleToGraveR.webm.description"
"78","c:/ytdl/CradleToGraveR//ggplot/03 - ggplot Colors, Size, Alpha -  R Lesson 13/03-ggplot-ggplot Colors, Size, Alpha -  R Lesson 13.webm.info.json","c:/ytdl/CradleToGraveR//ggplot/03 - ggplot Colors, Size, Alpha -  R Lesson 13/03-ggplot-ggplot Colors, Size, Alpha -  R Lesson 13.webm.en.txt","03-ggplot-ggplotColors,Size,Alpha-RLesson13.webm.jpg","c:/ytdl/CradleToGraveR//ggplot/03 - ggplot Colors, Size, Alpha -  R Lesson 13/03-ggplot-ggplot Colors, Size, Alpha -  R Lesson 13.webm.description"
"79","c:/ytdl/CradleToGraveR//ggplot/04 - Bar Charts using ggplot geom_bar - R Lesson 16/04-ggplot-Bar Charts using ggplot geom_bar - R Lesson 16.webm.info.json","c:/ytdl/CradleToGraveR//ggplot/04 - Bar Charts using ggplot geom_bar - R Lesson 16/04-ggplot-Bar Charts using ggplot geom_bar - R Lesson 16.webm.en.txt","04-ggplot-BarChartsusingggplotgeom_bar-RLesson16.webm.jpg","c:/ytdl/CradleToGraveR//ggplot/04 - Bar Charts using ggplot geom_bar - R Lesson 16/04-ggplot-Bar Charts using ggplot geom_bar - R Lesson 16.webm.description"
"80","c:/ytdl/CradleToGraveR//ggplot/06 - GGPLOT2 & DPLYR Enhanced Plots using gapminder Data/06-ggplot-GGPLOT2 & DPLYR Enhanced Plots using gapminder Data.mp4.info.json","c:/ytdl/CradleToGraveR//ggplot/06 - GGPLOT2 & DPLYR Enhanced Plots using gapminder Data/06-ggplot-GGPLOT2 & DPLYR Enhanced Plots using gapminder Data.mp4.en.txt","06-ggplot-GGPLOT2&DPLYREnhancedPlotsusinggapminderData.mp4.jpg","c:/ytdl/CradleToGraveR//ggplot/06 - GGPLOT2 & DPLYR Enhanced Plots using gapminder Data/06-ggplot-GGPLOT2 & DPLYR Enhanced Plots using gapminder Data.mp4.description"
"81","c:/ytdl/CradleToGraveR//ggplot/07 - Base R Plot Customized/07-ggplot-Base R Plot Customized.webm.info.json","c:/ytdl/CradleToGraveR//ggplot/07 - Base R Plot Customized/07-ggplot-Base R Plot Customized.webm.en.txt","07-ggplot-BaseRPlotCustomized.webm.jpg","c:/ytdl/CradleToGraveR//ggplot/07 - Base R Plot Customized/07-ggplot-Base R Plot Customized.webm.description"
"82","c:/ytdl/CradleToGraveR//ggplot/08 - Custom Plot Functions in R/08-ggplot-Custom Plot Functions in R.webm.info.json","c:/ytdl/CradleToGraveR//ggplot/08 - Custom Plot Functions in R/08-ggplot-Custom Plot Functions in R.webm.en.txt","08-ggplot-CustomPlotFunctionsinR.webm.jpg","c:/ytdl/CradleToGraveR//ggplot/08 - Custom Plot Functions in R/08-ggplot-Custom Plot Functions in R.webm.description"
"83","c:/ytdl/CradleToGraveR//ggplot/09 - Plot COVID 19 coronavirus Data using R dplyr and ggplot/09-ggplot-Plot COVID 19 coronavirus Data using R dplyr and ggplot.webm.info.json","c:/ytdl/CradleToGraveR//ggplot/09 - Plot COVID 19 coronavirus Data using R dplyr and ggplot/09-ggplot-Plot COVID 19 coronavirus Data using R dplyr and ggplot.webm.en.txt","09-ggplot-PlotCOVID19coronavirusDatausingRdplyrandggplot.webm.jpg","c:/ytdl/CradleToGraveR//ggplot/09 - Plot COVID 19 coronavirus Data using R dplyr and ggplot/09-ggplot-Plot COVID 19 coronavirus Data using R dplyr and ggplot.webm.description"
"84","c:/ytdl/CradleToGraveR//ggplot/10 - COVID CSV Data Update Plot - data from European Center for Disease and Prevention/10-ggplot-COVID CSV Data Update Plot - data from European Center for Disease and Prevention.mp4.info.json","c:/ytdl/CradleToGraveR//ggplot/10 - COVID CSV Data Update Plot - data from European Center for Disease and Prevention/10-ggplot-COVID CSV Data Update Plot - data from European Center for Disease and Prevention.mp4.en.txt","10-ggplot-COVIDCSVDataUpdatePlot-datafromEuropeanCenterforDiseaseandPrevention.mp4.jpg","c:/ytdl/CradleToGraveR//ggplot/10 - COVID CSV Data Update Plot - data from European Center for Disease and Prevention/10-ggplot-COVID CSV Data Update Plot - data from European Center for Disease and Prevention.mp4.description"
"85","c:/ytdl/CradleToGraveR//ggplot/11 - Linear Regression LM using R Plot Line/11-ggplot-Linear Regression LM using R Plot Line.mp4.info.json","c:/ytdl/CradleToGraveR//ggplot/11 - Linear Regression LM using R Plot Line/11-ggplot-Linear Regression LM using R Plot Line.mp4.en.txt","11-ggplot-LinearRegressionLMusingRPlotLine.mp4.jpg","c:/ytdl/CradleToGraveR//ggplot/11 - Linear Regression LM using R Plot Line/11-ggplot-Linear Regression LM using R Plot Line.mp4.description"
"86","c:/ytdl/CradleToGraveR//ggplot/12 - R Predict Plot Model 2/12-ggplot-R Predict Plot Model 2.mp4.info.json","c:/ytdl/CradleToGraveR//ggplot/12 - R Predict Plot Model 2/12-ggplot-R Predict Plot Model 2.mp4.en.txt","12-ggplot-RPredictPlotModel2.mp4.jpg","c:/ytdl/CradleToGraveR//ggplot/12 - R Predict Plot Model 2/12-ggplot-R Predict Plot Model 2.mp4.description"
"87","c:/ytdl/CradleToGraveR//ggplot/13 - R Predict Plot Model 2/13-ggplot-R Predict Plot Model 2.mp4.info.json","c:/ytdl/CradleToGraveR//ggplot/13 - R Predict Plot Model 2/13-ggplot-R Predict Plot Model 2.mp4.en.txt","13-ggplot-RPredictPlotModel2.mp4.jpg","c:/ytdl/CradleToGraveR//ggplot/13 - R Predict Plot Model 2/13-ggplot-R Predict Plot Model 2.mp4.description"
"88","c:/ytdl/CradleToGraveR//ggplot/14 - Residuals, Predictions, Plots R/14-ggplot-Residuals, Predictions, Plots R.mp4.info.json","c:/ytdl/CradleToGraveR//ggplot/14 - Residuals, Predictions, Plots R/14-ggplot-Residuals, Predictions, Plots R.mp4.en.txt","14-ggplot-Residuals,Predictions,PlotsR.mp4.jpg","c:/ytdl/CradleToGraveR//ggplot/14 - Residuals, Predictions, Plots R/14-ggplot-Residuals, Predictions, Plots R.mp4.description"
"89","c:/ytdl/CradleToGraveR//ggplot/15 - here() and ggsave 'I will set your computer on fire' - Why/15-ggplot-here() and ggsave 'I will set your computer on fire' - Why.mp4.info.json","c:/ytdl/CradleToGraveR//ggplot/15 - here() and ggsave 'I will set your computer on fire' - Why/15-ggplot-here() and ggsave 'I will set your computer on fire' - Why.mp4.en.txt","15-ggplot-here()andggsave'Iwillsetyourcomputeronfire'-Why.mp4.jpg","c:/ytdl/CradleToGraveR//ggplot/15 - here() and ggsave 'I will set your computer on fire' - Why/15-ggplot-here() and ggsave 'I will set your computer on fire' - Why.mp4.description"
"90","c:/ytdl/CradleToGraveR//Live Archived/1 - Live - Tutorial Making Live Site, Free - R RStudio Blogdown Hugo GitHub Netlify/1-Live Archived-Live - Tutorial Making Live Site, Free - R RStudio Blogdown Hugo GitHub Netlify.mp4.info.json","c:/ytdl/CradleToGraveR//Live Archived/1 - Live - Tutorial Making Live Site, Free - R RStudio Blogdown Hugo GitHub Netlify/1-Live Archived-Live - Tutorial Making Live Site, Free - R RStudio Blogdown Hugo GitHub Netlify.mp4.en.txt","1-LiveArchived-Live-TutorialMakingLiveSite,Free-RRStudioBlogdownHugoGitHubNetlify.mp4.jpg","c:/ytdl/CradleToGraveR//Live Archived/1 - Live - Tutorial Making Live Site, Free - R RStudio Blogdown Hugo GitHub Netlify/1-Live Archived-Live - Tutorial Making Live Site, Free - R RStudio Blogdown Hugo GitHub Netlify.mp4.description"
"91","c:/ytdl/CradleToGraveR//Live Archived/2 - Who am I Why do I teach R/2-Live Archived-Who am I Why do I teach R.mp4.info.json","c:/ytdl/CradleToGraveR//Live Archived/2 - Who am I Why do I teach R/2-Live Archived-Who am I Why do I teach R.mp4.en.txt","2-LiveArchived-WhoamIWhydoIteachR.mp4.jpg","c:/ytdl/CradleToGraveR//Live Archived/2 - Who am I Why do I teach R/2-Live Archived-Who am I Why do I teach R.mp4.description"
"92","c:/ytdl/CradleToGraveR//Live Archived/3 - CradleToGraveR Live Stream - Unzip Directory of Files/3-Live Archived-CradleToGraveR Live Stream - Unzip Directory of Files.mp4.info.json","c:/ytdl/CradleToGraveR//Live Archived/3 - CradleToGraveR Live Stream - Unzip Directory of Files/3-Live Archived-CradleToGraveR Live Stream - Unzip Directory of Files.mp4.en.txt","3-LiveArchived-CradleToGraveRLiveStream-UnzipDirectoryofFiles.mp4.jpg","c:/ytdl/CradleToGraveR//Live Archived/3 - CradleToGraveR Live Stream - Unzip Directory of Files/3-Live Archived-CradleToGraveR Live Stream - Unzip Directory of Files.mp4.description"
"93","c:/ytdl/CradleToGraveR//Live Archived/4 - CradleToGraveR Live Stream - Using predict function/4-Live Archived-CradleToGraveR Live Stream - Using predict function.mp4.info.json","c:/ytdl/CradleToGraveR//Live Archived/4 - CradleToGraveR Live Stream - Using predict function/4-Live Archived-CradleToGraveR Live Stream - Using predict function.mp4.en.txt","4-LiveArchived-CradleToGraveRLiveStream-Usingpredictfunction.mp4.jpg","c:/ytdl/CradleToGraveR//Live Archived/4 - CradleToGraveR Live Stream - Using predict function/4-Live Archived-CradleToGraveR Live Stream - Using predict function.mp4.description"
"94","c:/ytdl/CradleToGraveR//Practical R for Business/01 - First flexdashboard using R/01-Practical R for Business-First flexdashboard using R.webm.info.json","c:/ytdl/CradleToGraveR//Practical R for Business/01 - First flexdashboard using R/01-Practical R for Business-First flexdashboard using R.webm.en.txt","01-PracticalRforBusiness-FirstflexdashboardusingR.webm.jpg","c:/ytdl/CradleToGraveR//Practical R for Business/01 - First flexdashboard using R/01-Practical R for Business-First flexdashboard using R.webm.description"
"95","c:/ytdl/CradleToGraveR//Practical R for Business/02 - flexdashboard 02 - valueBox, Gauge, DT/02-Practical R for Business-flexdashboard 02 - valueBox, Gauge, DT.webm.info.json","c:/ytdl/CradleToGraveR//Practical R for Business/02 - flexdashboard 02 - valueBox, Gauge, DT/02-Practical R for Business-flexdashboard 02 - valueBox, Gauge, DT.webm.en.txt","02-PracticalRforBusiness-flexdashboard02-valueBox,Gauge,DT.webm.jpg","c:/ytdl/CradleToGraveR//Practical R for Business/02 - flexdashboard 02 - valueBox, Gauge, DT/02-Practical R for Business-flexdashboard 02 - valueBox, Gauge, DT.webm.description"
"96","c:/ytdl/CradleToGraveR//Practical R for Business/03 - R Studio Shortcut Tips/03-Practical R for Business-R Studio Shortcut Tips.webm.info.json","c:/ytdl/CradleToGraveR//Practical R for Business/03 - R Studio Shortcut Tips/03-Practical R for Business-R Studio Shortcut Tips.webm.en.txt","03-PracticalRforBusiness-RStudioShortcutTips.webm.jpg","c:/ytdl/CradleToGraveR//Practical R for Business/03 - R Studio Shortcut Tips/03-Practical R for Business-R Studio Shortcut Tips.webm.description"
"97","c:/ytdl/CradleToGraveR//Practical R for Business/04 - dplyr group_by summarize at all vars fun/04-Practical R for Business-dplyr group_by summarize at all vars fun.mp4.info.json","c:/ytdl/CradleToGraveR//Practical R for Business/04 - dplyr group_by summarize at all vars fun/04-Practical R for Business-dplyr group_by summarize at all vars fun.mp4.en.txt","04-PracticalRforBusiness-dplyrgroup_bysummarizeatallvarsfun.mp4.jpg","c:/ytdl/CradleToGraveR//Practical R for Business/04 - dplyr group_by summarize at all vars fun/04-Practical R for Business-dplyr group_by summarize at all vars fun.mp4.description"
"98","c:/ytdl/CradleToGraveR//Practical R for Business/05 - End to End Covid-19 Analysis with R - Import Data (1)/05-Practical R for Business-End to End Covid-19 Analysis with R - Import Data (1).webm.info.json","c:/ytdl/CradleToGraveR//Practical R for Business/05 - End to End Covid-19 Analysis with R - Import Data (1)/05-Practical R for Business-End to End Covid-19 Analysis with R - Import Data (1).webm.en.txt","05-PracticalRforBusiness-EndtoEndCovid-19AnalysiswithR-ImportData(1).webm.jpg","c:/ytdl/CradleToGraveR//Practical R for Business/05 - End to End Covid-19 Analysis with R - Import Data (1)/05-Practical R for Business-End to End Covid-19 Analysis with R - Import Data (1).webm.description"
"99","c:/ytdl/CradleToGraveR//Practical R for Business/07 - R CDC Data Fixed rmarkdown Tutorial/07-Practical R for Business-R CDC Data Fixed rmarkdown Tutorial.webm.info.json","c:/ytdl/CradleToGraveR//Practical R for Business/07 - R CDC Data Fixed rmarkdown Tutorial/07-Practical R for Business-R CDC Data Fixed rmarkdown Tutorial.webm.en.txt","07-PracticalRforBusiness-RCDCDataFixedrmarkdownTutorial.webm.jpg","c:/ytdl/CradleToGraveR//Practical R for Business/07 - R CDC Data Fixed rmarkdown Tutorial/07-Practical R for Business-R CDC Data Fixed rmarkdown Tutorial.webm.description"
"100","c:/ytdl/CradleToGraveR//Practical R for Business/08 - Kable Table with R and Coronavirus COVID 19 Death Rates/08-Practical R for Business-Kable Table with R and Coronavirus COVID 19 Death Rates.webm.info.json","c:/ytdl/CradleToGraveR//Practical R for Business/08 - Kable Table with R and Coronavirus COVID 19 Death Rates/08-Practical R for Business-Kable Table with R and Coronavirus COVID 19 Death Rates.webm.en.txt","08-PracticalRforBusiness-KableTablewithRandCoronavirusCOVID19DeathRates.webm.jpg","c:/ytdl/CradleToGraveR//Practical R for Business/08 - Kable Table with R and Coronavirus COVID 19 Death Rates/08-Practical R for Business-Kable Table with R and Coronavirus COVID 19 Death Rates.webm.description"
"101","c:/ytdl/CradleToGraveR//Practical R for Business/10 - Updated - End to End Covid-19 Analysis with R - Import Data (1)/10-Practical R for Business-Updated - End to End Covid-19 Analysis with R - Import Data (1).webm.info.json","c:/ytdl/CradleToGraveR//Practical R for Business/10 - Updated - End to End Covid-19 Analysis with R - Import Data (1)/10-Practical R for Business-Updated - End to End Covid-19 Analysis with R - Import Data (1).webm.en.txt","10-PracticalRforBusiness-Updated-EndtoEndCovid-19AnalysiswithR-ImportData(1).webm.jpg","c:/ytdl/CradleToGraveR//Practical R for Business/10 - Updated - End to End Covid-19 Analysis with R - Import Data (1)/10-Practical R for Business-Updated - End to End Covid-19 Analysis with R - Import Data (1).webm.description"
"102","c:/ytdl/CradleToGraveR//Practical R for Business/11 - Plot COVID 19 coronavirus Data using R dplyr and ggplot/11-Practical R for Business-Plot COVID 19 coronavirus Data using R dplyr and ggplot.webm.info.json","c:/ytdl/CradleToGraveR//Practical R for Business/11 - Plot COVID 19 coronavirus Data using R dplyr and ggplot/11-Practical R for Business-Plot COVID 19 coronavirus Data using R dplyr and ggplot.webm.en.txt","11-PracticalRforBusiness-PlotCOVID19coronavirusDatausingRdplyrandggplot.webm.jpg","c:/ytdl/CradleToGraveR//Practical R for Business/11 - Plot COVID 19 coronavirus Data using R dplyr and ggplot/11-Practical R for Business-Plot COVID 19 coronavirus Data using R dplyr and ggplot.webm.description"
"103","c:/ytdl/CradleToGraveR//Practical R for Business/12 - DT datatable COVID 19 coronavirus sort with R/12-Practical R for Business-DT datatable COVID 19 coronavirus sort with R.mp4.info.json","c:/ytdl/CradleToGraveR//Practical R for Business/12 - DT datatable COVID 19 coronavirus sort with R/12-Practical R for Business-DT datatable COVID 19 coronavirus sort with R.mp4.en.txt","12-PracticalRforBusiness-DTdatatableCOVID19coronavirussortwithR.mp4.jpg","c:/ytdl/CradleToGraveR//Practical R for Business/12 - DT datatable COVID 19 coronavirus sort with R/12-Practical R for Business-DT datatable COVID 19 coronavirus sort with R.mp4.description"
"104","c:/ytdl/CradleToGraveR//Practical R for Business/14 - CradleToGraveR Live Stream - Unzip Directory of Files/14-Practical R for Business-CradleToGraveR Live Stream - Unzip Directory of Files.mp4.info.json","c:/ytdl/CradleToGraveR//Practical R for Business/14 - CradleToGraveR Live Stream - Unzip Directory of Files/14-Practical R for Business-CradleToGraveR Live Stream - Unzip Directory of Files.mp4.en.txt","14-PracticalRforBusiness-CradleToGraveRLiveStream-UnzipDirectoryofFiles.mp4.jpg","c:/ytdl/CradleToGraveR//Practical R for Business/14 - CradleToGraveR Live Stream - Unzip Directory of Files/14-Practical R for Business-CradleToGraveR Live Stream - Unzip Directory of Files.mp4.description"
"105","c:/ytdl/CradleToGraveR//Practical R for Business/15 - R Unzip Entire Directory of Files plyr package RStudio/15-Practical R for Business-R Unzip Entire Directory of Files plyr package RStudio.mp4.info.json","c:/ytdl/CradleToGraveR//Practical R for Business/15 - R Unzip Entire Directory of Files plyr package RStudio/15-Practical R for Business-R Unzip Entire Directory of Files plyr package RStudio.mp4.en.txt","15-PracticalRforBusiness-RUnzipEntireDirectoryofFilesplyrpackageRStudio.mp4.jpg","c:/ytdl/CradleToGraveR//Practical R for Business/15 - R Unzip Entire Directory of Files plyr package RStudio/15-Practical R for Business-R Unzip Entire Directory of Files plyr package RStudio.mp4.description"
"106","c:/ytdl/CradleToGraveR//Practical R for Business/16 - Unzip a tar.gz file with Untar using R_RStudio/16-Practical R for Business-Unzip a tar.gz file with Untar using R_RStudio.mp4.info.json","c:/ytdl/CradleToGraveR//Practical R for Business/16 - Unzip a tar.gz file with Untar using R_RStudio/16-Practical R for Business-Unzip a tar.gz file with Untar using R_RStudio.mp4.en.txt","16-PracticalRforBusiness-Unzipatar.gzfilewithUntarusingR_RStudio.mp4.jpg","c:/ytdl/CradleToGraveR//Practical R for Business/16 - Unzip a tar.gz file with Untar using R_RStudio/16-Practical R for Business-Unzip a tar.gz file with Untar using R_RStudio.mp4.description"
"107","c:/ytdl/CradleToGraveR//R Blogdown Site/1 - R Hugo Web Site Lesson 1/1-R Blogdown Site-R Hugo Web Site Lesson 1.mp4.info.json","c:/ytdl/CradleToGraveR//R Blogdown Site/1 - R Hugo Web Site Lesson 1/1-R Blogdown Site-R Hugo Web Site Lesson 1.mp4.en.txt","1-RBlogdownSite-RHugoWebSiteLesson1.mp4.jpg","c:/ytdl/CradleToGraveR//R Blogdown Site/1 - R Hugo Web Site Lesson 1/1-R Blogdown Site-R Hugo Web Site Lesson 1.mp4.description"
"108","c:/ytdl/CradleToGraveR//R Blogdown Site/2 - R Hugo Theme and Dynamic Changes/2-R Blogdown Site-R Hugo Theme and Dynamic Changes.mp4.info.json","c:/ytdl/CradleToGraveR//R Blogdown Site/2 - R Hugo Theme and Dynamic Changes/2-R Blogdown Site-R Hugo Theme and Dynamic Changes.mp4.en.txt","2-RBlogdownSite-RHugoThemeandDynamicChanges.mp4.jpg","c:/ytdl/CradleToGraveR//R Blogdown Site/2 - R Hugo Theme and Dynamic Changes/2-R Blogdown Site-R Hugo Theme and Dynamic Changes.mp4.description"
"109","c:/ytdl/CradleToGraveR//R Blogdown Site/3 - Hugo Blogdown Tutorial with R RStudio Customize Menus Layouts/3-R Blogdown Site-Hugo Blogdown Tutorial with R RStudio Customize Menus Layouts.webm.info.json","c:/ytdl/CradleToGraveR//R Blogdown Site/3 - Hugo Blogdown Tutorial with R RStudio Customize Menus Layouts/3-R Blogdown Site-Hugo Blogdown Tutorial with R RStudio Customize Menus Layouts.webm.en.txt","3-RBlogdownSite-HugoBlogdownTutorialwithRRStudioCustomizeMenusLayouts.webm.jpg","c:/ytdl/CradleToGraveR//R Blogdown Site/3 - Hugo Blogdown Tutorial with R RStudio Customize Menus Layouts/3-R Blogdown Site-Hugo Blogdown Tutorial with R RStudio Customize Menus Layouts.webm.description"
"110","c:/ytdl/CradleToGraveR//R Blogdown Site/4 - Blogdown Hugo to GitHub with RStudio/4-R Blogdown Site-Blogdown Hugo to GitHub with RStudio.mp4.info.json","c:/ytdl/CradleToGraveR//R Blogdown Site/4 - Blogdown Hugo to GitHub with RStudio/4-R Blogdown Site-Blogdown Hugo to GitHub with RStudio.mp4.en.txt","4-RBlogdownSite-BlogdownHugotoGitHubwithRStudio.mp4.jpg","c:/ytdl/CradleToGraveR//R Blogdown Site/4 - Blogdown Hugo to GitHub with RStudio/4-R Blogdown Site-Blogdown Hugo to GitHub with RStudio.mp4.description"
"111","c:/ytdl/CradleToGraveR//R Blogdown Site/5 - RStudio to Github to Netlify Live Site   blogdown Hugo/5-R Blogdown Site-RStudio to Github to Netlify Live Site   blogdown Hugo.mp4.info.json","c:/ytdl/CradleToGraveR//R Blogdown Site/5 - RStudio to Github to Netlify Live Site   blogdown Hugo/5-R Blogdown Site-RStudio to Github to Netlify Live Site   blogdown Hugo.mp4.en.txt","5-RBlogdownSite-RStudiotoGithubtoNetlifyLiveSiteblogdownHugo.mp4.jpg","c:/ytdl/CradleToGraveR//R Blogdown Site/5 - RStudio to Github to Netlify Live Site   blogdown Hugo/5-R Blogdown Site-RStudio to Github to Netlify Live Site   blogdown Hugo.mp4.description"
"112","c:/ytdl/CradleToGraveR//R Blogdown Site/6 - Netlify Custom URL and New Post with RStudio Blogdown Hugo/6-R Blogdown Site-Netlify Custom URL and New Post with RStudio Blogdown Hugo.mp4.info.json","c:/ytdl/CradleToGraveR//R Blogdown Site/6 - Netlify Custom URL and New Post with RStudio Blogdown Hugo/6-R Blogdown Site-Netlify Custom URL and New Post with RStudio Blogdown Hugo.mp4.en.txt","6-RBlogdownSite-NetlifyCustomURLandNewPostwithRStudioBlogdownHugo.mp4.jpg","c:/ytdl/CradleToGraveR//R Blogdown Site/6 - Netlify Custom URL and New Post with RStudio Blogdown Hugo/6-R Blogdown Site-Netlify Custom URL and New Post with RStudio Blogdown Hugo.mp4.description"
"113","c:/ytdl/CradleToGraveR//R Blogdown Site/7 - CradleToGraveR Blogdown Hugo Site Progress Report/7-R Blogdown Site-CradleToGraveR Blogdown Hugo Site Progress Report.mp4.info.json","c:/ytdl/CradleToGraveR//R Blogdown Site/7 - CradleToGraveR Blogdown Hugo Site Progress Report/7-R Blogdown Site-CradleToGraveR Blogdown Hugo Site Progress Report.mp4.en.txt","7-RBlogdownSite-CradleToGraveRBlogdownHugoSiteProgressReport.mp4.jpg","c:/ytdl/CradleToGraveR//R Blogdown Site/7 - CradleToGraveR Blogdown Hugo Site Progress Report/7-R Blogdown Site-CradleToGraveR Blogdown Hugo Site Progress Report.mp4.description"
"114","c:/ytdl/CradleToGraveR//Random R/01 - R DPLYR Joins - Tidy Data/01-Random R-R DPLYR Joins - Tidy Data.webm.info.json","c:/ytdl/CradleToGraveR//Random R/01 - R DPLYR Joins - Tidy Data/01-Random R-R DPLYR Joins - Tidy Data.webm.en.txt","01-RandomR-RDPLYRJoins-TidyData.webm.jpg","c:/ytdl/CradleToGraveR//Random R/01 - R DPLYR Joins - Tidy Data/01-Random R-R DPLYR Joins - Tidy Data.webm.description"
"115","c:/ytdl/CradleToGraveR//Random R/02 - GOOD AUDIO - Install R & RStudio on Windows + First Script 2019/02-Random R-GOOD AUDIO - Install R & RStudio on Windows + First Script 2019.mp4.info.json","c:/ytdl/CradleToGraveR//Random R/02 - GOOD AUDIO - Install R & RStudio on Windows + First Script 2019/02-Random R-GOOD AUDIO - Install R & RStudio on Windows + First Script 2019.mp4.en.txt","02-RandomR-GOODAUDIO-InstallR&RStudioonWindows+FirstScript2019.mp4.jpg","c:/ytdl/CradleToGraveR//Random R/02 - GOOD AUDIO - Install R & RStudio on Windows + First Script 2019/02-Random R-GOOD AUDIO - Install R & RStudio on Windows + First Script 2019.mp4.description"
"116","c:/ytdl/CradleToGraveR//Random R/03 - DPLYR Select & Rename Columns/03-Random R-DPLYR Select & Rename Columns.webm.info.json","c:/ytdl/CradleToGraveR//Random R/03 - DPLYR Select & Rename Columns/03-Random R-DPLYR Select & Rename Columns.webm.en.txt","03-RandomR-DPLYRSelect&RenameColumns.webm.jpg","c:/ytdl/CradleToGraveR//Random R/03 - DPLYR Select & Rename Columns/03-Random R-DPLYR Select & Rename Columns.webm.description"
"117","c:/ytdl/CradleToGraveR//Random R/04 - Complete Web Scraper for anyone/04-Random R-Complete Web Scraper for anyone.webm.info.json","c:/ytdl/CradleToGraveR//Random R/04 - Complete Web Scraper for anyone/04-Random R-Complete Web Scraper for anyone.webm.en.txt","04-RandomR-CompleteWebScraperforanyone.webm.jpg","c:/ytdl/CradleToGraveR//Random R/04 - Complete Web Scraper for anyone/04-Random R-Complete Web Scraper for anyone.webm.description"
"118","c:/ytdl/CradleToGraveR//Random R/05 - Data Frame Tip - Create Data Frames/05-Random R-Data Frame Tip - Create Data Frames.webm.info.json","c:/ytdl/CradleToGraveR//Random R/05 - Data Frame Tip - Create Data Frames/05-Random R-Data Frame Tip - Create Data Frames.webm.en.txt","05-RandomR-DataFrameTip-CreateDataFrames.webm.jpg","c:/ytdl/CradleToGraveR//Random R/05 - Data Frame Tip - Create Data Frames/05-Random R-Data Frame Tip - Create Data Frames.webm.description"
"119","c:/ytdl/CradleToGraveR//Random R/06 - First flexdashboard using R/06-Random R-First flexdashboard using R.webm.info.json","c:/ytdl/CradleToGraveR//Random R/06 - First flexdashboard using R/06-Random R-First flexdashboard using R.webm.en.txt","06-RandomR-FirstflexdashboardusingR.webm.jpg","c:/ytdl/CradleToGraveR//Random R/06 - First flexdashboard using R/06-Random R-First flexdashboard using R.webm.description"
"120","c:/ytdl/CradleToGraveR//Random R/07 - Scrape Reddit Comments R ExtractoR/07-Random R-Scrape Reddit Comments R ExtractoR.mp4.info.json","c:/ytdl/CradleToGraveR//Random R/07 - Scrape Reddit Comments R ExtractoR/07-Random R-Scrape Reddit Comments R ExtractoR.mp4.en.txt","07-RandomR-ScrapeRedditCommentsRExtractoR.mp4.jpg","c:/ytdl/CradleToGraveR//Random R/07 - Scrape Reddit Comments R ExtractoR/07-Random R-Scrape Reddit Comments R ExtractoR.mp4.description"
"121","c:/ytdl/CradleToGraveR//Random R/09 - R Studio Shortcut Tips/09-Random R-R Studio Shortcut Tips.webm.info.json","c:/ytdl/CradleToGraveR//Random R/09 - R Studio Shortcut Tips/09-Random R-R Studio Shortcut Tips.webm.en.txt","09-RandomR-RStudioShortcutTips.webm.jpg","c:/ytdl/CradleToGraveR//Random R/09 - R Studio Shortcut Tips/09-Random R-R Studio Shortcut Tips.webm.description"
"122","c:/ytdl/CradleToGraveR//Random R/10 - R Test if a vector contains a given element/10-Random R-R Test if a vector contains a given element.mp4.info.json","c:/ytdl/CradleToGraveR//Random R/10 - R Test if a vector contains a given element/10-Random R-R Test if a vector contains a given element.mp4.en.txt","10-RandomR-RTestifavectorcontainsagivenelement.mp4.jpg","c:/ytdl/CradleToGraveR//Random R/10 - R Test if a vector contains a given element/10-Random R-R Test if a vector contains a given element.mp4.description"
"123","c:/ytdl/CradleToGraveR//Random R/11 - dplyr group_by summarize at all vars fun/11-Random R-dplyr group_by summarize at all vars fun.mp4.info.json","c:/ytdl/CradleToGraveR//Random R/11 - dplyr group_by summarize at all vars fun/11-Random R-dplyr group_by summarize at all vars fun.mp4.en.txt","11-RandomR-dplyrgroup_bysummarizeatallvarsfun.mp4.jpg","c:/ytdl/CradleToGraveR//Random R/11 - dplyr group_by summarize at all vars fun/11-Random R-dplyr group_by summarize at all vars fun.mp4.description"
"124","c:/ytdl/CradleToGraveR//Random R/12 - factor level dataframe R/12-Random R-factor level dataframe R.webm.info.json","c:/ytdl/CradleToGraveR//Random R/12 - factor level dataframe R/12-Random R-factor level dataframe R.webm.en.txt","12-RandomR-factorleveldataframeR.webm.jpg","c:/ytdl/CradleToGraveR//Random R/12 - factor level dataframe R/12-Random R-factor level dataframe R.webm.description"
"125","c:/ytdl/CradleToGraveR//Random R/13 - GGPLOT2 & DPLYR Enhanced Plots using gapminder Data/13-Random R-GGPLOT2 & DPLYR Enhanced Plots using gapminder Data.mp4.info.json","c:/ytdl/CradleToGraveR//Random R/13 - GGPLOT2 & DPLYR Enhanced Plots using gapminder Data/13-Random R-GGPLOT2 & DPLYR Enhanced Plots using gapminder Data.mp4.en.txt","13-RandomR-GGPLOT2&DPLYREnhancedPlotsusinggapminderData.mp4.jpg","c:/ytdl/CradleToGraveR//Random R/13 - GGPLOT2 & DPLYR Enhanced Plots using gapminder Data/13-Random R-GGPLOT2 & DPLYR Enhanced Plots using gapminder Data.mp4.description"
"126","c:/ytdl/CradleToGraveR//Random R/14 - Updated - End to End Covid-19 Analysis with R - Import Data (1)/14-Random R-Updated - End to End Covid-19 Analysis with R - Import Data (1).webm.info.json","c:/ytdl/CradleToGraveR//Random R/14 - Updated - End to End Covid-19 Analysis with R - Import Data (1)/14-Random R-Updated - End to End Covid-19 Analysis with R - Import Data (1).webm.en.txt","14-RandomR-Updated-EndtoEndCovid-19AnalysiswithR-ImportData(1).webm.jpg","c:/ytdl/CradleToGraveR//Random R/14 - Updated - End to End Covid-19 Analysis with R - Import Data (1)/14-Random R-Updated - End to End Covid-19 Analysis with R - Import Data (1).webm.description"
"127","c:/ytdl/CradleToGraveR//Random R/15 - R CDC Data Fixed rmarkdown Tutorial/15-Random R-R CDC Data Fixed rmarkdown Tutorial.webm.info.json","c:/ytdl/CradleToGraveR//Random R/15 - R CDC Data Fixed rmarkdown Tutorial/15-Random R-R CDC Data Fixed rmarkdown Tutorial.webm.en.txt","15-RandomR-RCDCDataFixedrmarkdownTutorial.webm.jpg","c:/ytdl/CradleToGraveR//Random R/15 - R CDC Data Fixed rmarkdown Tutorial/15-Random R-R CDC Data Fixed rmarkdown Tutorial.webm.description"
"128","c:/ytdl/CradleToGraveR//Random R/16 - Kable Table with R and Coronavirus COVID 19 Death Rates/16-Random R-Kable Table with R and Coronavirus COVID 19 Death Rates.webm.info.json","c:/ytdl/CradleToGraveR//Random R/16 - Kable Table with R and Coronavirus COVID 19 Death Rates/16-Random R-Kable Table with R and Coronavirus COVID 19 Death Rates.webm.en.txt","16-RandomR-KableTablewithRandCoronavirusCOVID19DeathRates.webm.jpg","c:/ytdl/CradleToGraveR//Random R/16 - Kable Table with R and Coronavirus COVID 19 Death Rates/16-Random R-Kable Table with R and Coronavirus COVID 19 Death Rates.webm.description"
"129","c:/ytdl/CradleToGraveR//Random R/17 - Does COVID-19 (coronavirus) URL File Exists using R - European Center for Disease Control/17-Random R-Does COVID-19 (coronavirus) URL File Exists using R - European Center for Disease Control.webm.info.json","c:/ytdl/CradleToGraveR//Random R/17 - Does COVID-19 (coronavirus) URL File Exists using R - European Center for Disease Control/17-Random R-Does COVID-19 (coronavirus) URL File Exists using R - European Center for Disease Control.webm.en.txt","17-RandomR-DoesCOVID-19(coronavirus)URLFileExistsusingR-EuropeanCenterforDiseaseControl.webm.jpg","c:/ytdl/CradleToGraveR//Random R/17 - Does COVID-19 (coronavirus) URL File Exists using R - European Center for Disease Control/17-Random R-Does COVID-19 (coronavirus) URL File Exists using R - European Center for Disease Control.webm.description"
"130","c:/ytdl/CradleToGraveR//Random R/18 - Plot COVID 19 coronavirus Data using R dplyr and ggplot/18-Random R-Plot COVID 19 coronavirus Data using R dplyr and ggplot.webm.info.json","c:/ytdl/CradleToGraveR//Random R/18 - Plot COVID 19 coronavirus Data using R dplyr and ggplot/18-Random R-Plot COVID 19 coronavirus Data using R dplyr and ggplot.webm.en.txt","18-RandomR-PlotCOVID19coronavirusDatausingRdplyrandggplot.webm.jpg","c:/ytdl/CradleToGraveR//Random R/18 - Plot COVID 19 coronavirus Data using R dplyr and ggplot/18-Random R-Plot COVID 19 coronavirus Data using R dplyr and ggplot.webm.description"
"131","c:/ytdl/CradleToGraveR//Random R/19 - DT datatable COVID 19 coronavirus sort with R/19-Random R-DT datatable COVID 19 coronavirus sort with R.mp4.info.json","c:/ytdl/CradleToGraveR//Random R/19 - DT datatable COVID 19 coronavirus sort with R/19-Random R-DT datatable COVID 19 coronavirus sort with R.mp4.en.txt","19-RandomR-DTdatatableCOVID19coronavirussortwithR.mp4.jpg","c:/ytdl/CradleToGraveR//Random R/19 - DT datatable COVID 19 coronavirus sort with R/19-Random R-DT datatable COVID 19 coronavirus sort with R.mp4.description"
"132","c:/ytdl/CradleToGraveR//Random R/20 - CradleToGraveR Live Stream - Unzip Directory of Files/20-Random R-CradleToGraveR Live Stream - Unzip Directory of Files.mp4.info.json","c:/ytdl/CradleToGraveR//Random R/20 - CradleToGraveR Live Stream - Unzip Directory of Files/20-Random R-CradleToGraveR Live Stream - Unzip Directory of Files.mp4.en.txt","20-RandomR-CradleToGraveRLiveStream-UnzipDirectoryofFiles.mp4.jpg","c:/ytdl/CradleToGraveR//Random R/20 - CradleToGraveR Live Stream - Unzip Directory of Files/20-Random R-CradleToGraveR Live Stream - Unzip Directory of Files.mp4.description"
"133","c:/ytdl/CradleToGraveR//Random R/21 - R Unzip Entire Directory of Files plyr package RStudio/21-Random R-R Unzip Entire Directory of Files plyr package RStudio.mp4.info.json","c:/ytdl/CradleToGraveR//Random R/21 - R Unzip Entire Directory of Files plyr package RStudio/21-Random R-R Unzip Entire Directory of Files plyr package RStudio.mp4.en.txt","21-RandomR-RUnzipEntireDirectoryofFilesplyrpackageRStudio.mp4.jpg","c:/ytdl/CradleToGraveR//Random R/21 - R Unzip Entire Directory of Files plyr package RStudio/21-Random R-R Unzip Entire Directory of Files plyr package RStudio.mp4.description"
"134","c:/ytdl/CradleToGraveR//Random R/22 - here() and ggsave 'I will set your computer on fire' - Why/22-Random R-here() and ggsave 'I will set your computer on fire' - Why.mp4.info.json","c:/ytdl/CradleToGraveR//Random R/22 - here() and ggsave 'I will set your computer on fire' - Why/22-Random R-here() and ggsave 'I will set your computer on fire' - Why.mp4.en.txt","22-RandomR-here()andggsave'Iwillsetyourcomputeronfire'-Why.mp4.jpg","c:/ytdl/CradleToGraveR//Random R/22 - here() and ggsave 'I will set your computer on fire' - Why/22-Random R-here() and ggsave 'I will set your computer on fire' - Why.mp4.description"
"135","c:/ytdl/CradleToGraveR//Random R/23 - dput - R Reproducible Example for Stack Overflow/23-Random R-dput - R Reproducible Example for Stack Overflow.mp4.info.json","c:/ytdl/CradleToGraveR//Random R/23 - dput - R Reproducible Example for Stack Overflow/23-Random R-dput - R Reproducible Example for Stack Overflow.mp4.en.txt","23-RandomR-dput-RReproducibleExampleforStackOverflow.mp4.jpg","c:/ytdl/CradleToGraveR//Random R/23 - dput - R Reproducible Example for Stack Overflow/23-Random R-dput - R Reproducible Example for Stack Overflow.mp4.description"
"136","c:/ytdl/CradleToGraveR//Random R/24 - R Hugo Web Site Lesson 1/24-Random R-R Hugo Web Site Lesson 1.mp4.info.json","c:/ytdl/CradleToGraveR//Random R/24 - R Hugo Web Site Lesson 1/24-Random R-R Hugo Web Site Lesson 1.mp4.en.txt","24-RandomR-RHugoWebSiteLesson1.mp4.jpg","c:/ytdl/CradleToGraveR//Random R/24 - R Hugo Web Site Lesson 1/24-Random R-R Hugo Web Site Lesson 1.mp4.description"
"137","c:/ytdl/CradleToGraveR//Random R/25 - R Hugo Theme and Dynamic Changes/25-Random R-R Hugo Theme and Dynamic Changes.mp4.info.json","c:/ytdl/CradleToGraveR//Random R/25 - R Hugo Theme and Dynamic Changes/25-Random R-R Hugo Theme and Dynamic Changes.mp4.en.txt","25-RandomR-RHugoThemeandDynamicChanges.mp4.jpg","c:/ytdl/CradleToGraveR//Random R/25 - R Hugo Theme and Dynamic Changes/25-Random R-R Hugo Theme and Dynamic Changes.mp4.description"
"138","c:/ytdl/CradleToGraveR//Random R/26 - Unzip a tar.gz file with Untar using R_RStudio/26-Random R-Unzip a tar.gz file with Untar using R_RStudio.mp4.info.json","c:/ytdl/CradleToGraveR//Random R/26 - Unzip a tar.gz file with Untar using R_RStudio/26-Random R-Unzip a tar.gz file with Untar using R_RStudio.mp4.en.txt","26-RandomR-Unzipatar.gzfilewithUntarusingR_RStudio.mp4.jpg","c:/ytdl/CradleToGraveR//Random R/26 - Unzip a tar.gz file with Untar using R_RStudio/26-Random R-Unzip a tar.gz file with Untar using R_RStudio.mp4.description"
"139","c:/ytdl/CradleToGraveR//Random R/27 - CradleToGraveR Blogdown Hugo Site Progress Report/27-Random R-CradleToGraveR Blogdown Hugo Site Progress Report.mp4.info.json","c:/ytdl/CradleToGraveR//Random R/27 - CradleToGraveR Blogdown Hugo Site Progress Report/27-Random R-CradleToGraveR Blogdown Hugo Site Progress Report.mp4.en.txt","27-RandomR-CradleToGraveRBlogdownHugoSiteProgressReport.mp4.jpg","c:/ytdl/CradleToGraveR//Random R/27 - CradleToGraveR Blogdown Hugo Site Progress Report/27-Random R-CradleToGraveR Blogdown Hugo Site Progress Report.mp4.description"
"140","c:/ytdl/CradleToGraveR//Real Life Answers/1 - Who am I Why do I teach R/1-Real Life Answers-Who am I Why do I teach R.mp4.info.json","c:/ytdl/CradleToGraveR//Real Life Answers/1 - Who am I Why do I teach R/1-Real Life Answers-Who am I Why do I teach R.mp4.en.txt","1-RealLifeAnswers-WhoamIWhydoIteachR.mp4.jpg","c:/ytdl/CradleToGraveR//Real Life Answers/1 - Who am I Why do I teach R/1-Real Life Answers-Who am I Why do I teach R.mp4.description"
"141","c:/ytdl/CradleToGraveR//Scraping Content/01 - Data Manipulation Twitter Scraper using R/01-Scraping Content-Data Manipulation Twitter Scraper using R.webm.info.json","c:/ytdl/CradleToGraveR//Scraping Content/01 - Data Manipulation Twitter Scraper using R/01-Scraping Content-Data Manipulation Twitter Scraper using R.webm.en.txt","01-ScrapingContent-DataManipulationTwitterScraperusingR.webm.jpg","c:/ytdl/CradleToGraveR//Scraping Content/01 - Data Manipulation Twitter Scraper using R/01-Scraping Content-Data Manipulation Twitter Scraper using R.webm.description"
"142","c:/ytdl/CradleToGraveR//Scraping Content/02 - Scrape Twitter using R and RStudio   R Programming for Beginners Tutorial/02-Scraping Content-Scrape Twitter using R and RStudio   R Programming for Beginners Tutorial.webm.info.json","c:/ytdl/CradleToGraveR//Scraping Content/02 - Scrape Twitter using R and RStudio   R Programming for Beginners Tutorial/02-Scraping Content-Scrape Twitter using R and RStudio   R Programming for Beginners Tutorial.webm.en.txt","02-ScrapingContent-ScrapeTwitterusingRandRStudioRProgrammingforBeginnersTutorial.webm.jpg","c:/ytdl/CradleToGraveR//Scraping Content/02 - Scrape Twitter using R and RStudio   R Programming for Beginners Tutorial/02-Scraping Content-Scrape Twitter using R and RStudio   R Programming for Beginners Tutorial.webm.description"
"143","c:/ytdl/CradleToGraveR//Scraping Content/03 - R Programming Twitter Scraper/03-Scraping Content-R Programming Twitter Scraper.mp4.info.json","c:/ytdl/CradleToGraveR//Scraping Content/03 - R Programming Twitter Scraper/03-Scraping Content-R Programming Twitter Scraper.mp4.en.txt","03-ScrapingContent-RProgrammingTwitterScraper.mp4.jpg","c:/ytdl/CradleToGraveR//Scraping Content/03 - R Programming Twitter Scraper/03-Scraping Content-R Programming Twitter Scraper.mp4.description"
"144","c:/ytdl/CradleToGraveR//Scraping Content/04 - Complete Web Scraper for anyone/04-Scraping Content-Complete Web Scraper for anyone.webm.info.json","c:/ytdl/CradleToGraveR//Scraping Content/04 - Complete Web Scraper for anyone/04-Scraping Content-Complete Web Scraper for anyone.webm.en.txt","04-ScrapingContent-CompleteWebScraperforanyone.webm.jpg","c:/ytdl/CradleToGraveR//Scraping Content/04 - Complete Web Scraper for anyone/04-Scraping Content-Complete Web Scraper for anyone.webm.description"
"145","c:/ytdl/CradleToGraveR//Scraping Content/05 - Scrape Reddit Comments R ExtractoR/05-Scraping Content-Scrape Reddit Comments R ExtractoR.mp4.info.json","c:/ytdl/CradleToGraveR//Scraping Content/05 - Scrape Reddit Comments R ExtractoR/05-Scraping Content-Scrape Reddit Comments R ExtractoR.mp4.en.txt","05-ScrapingContent-ScrapeRedditCommentsRExtractoR.mp4.jpg","c:/ytdl/CradleToGraveR//Scraping Content/05 - Scrape Reddit Comments R ExtractoR/05-Scraping Content-Scrape Reddit Comments R ExtractoR.mp4.description"
"146","c:/ytdl/CradleToGraveR//Scraping Content/06 - COVID-19 Coronavirus analysis with R Concatenate Strings with Date & paste0/06-Scraping Content-COVID-19 Coronavirus analysis with R Concatenate Strings with Date & paste0.webm.info.json","c:/ytdl/CradleToGraveR//Scraping Content/06 - COVID-19 Coronavirus analysis with R Concatenate Strings with Date & paste0/06-Scraping Content-COVID-19 Coronavirus analysis with R Concatenate Strings with Date & paste0.webm.en.txt","06-ScrapingContent-COVID-19CoronavirusanalysiswithRConcatenateStringswithDate&paste0.webm.jpg","c:/ytdl/CradleToGraveR//Scraping Content/06 - COVID-19 Coronavirus analysis with R Concatenate Strings with Date & paste0/06-Scraping Content-COVID-19 Coronavirus analysis with R Concatenate Strings with Date & paste0.webm.description"
"147","c:/ytdl/CradleToGraveR//Scraping Content/07 - End to End Covid-19 Analysis with R - Import Data (1)/07-Scraping Content-End to End Covid-19 Analysis with R - Import Data (1).webm.info.json","c:/ytdl/CradleToGraveR//Scraping Content/07 - End to End Covid-19 Analysis with R - Import Data (1)/07-Scraping Content-End to End Covid-19 Analysis with R - Import Data (1).webm.en.txt","07-ScrapingContent-EndtoEndCovid-19AnalysiswithR-ImportData(1).webm.jpg","c:/ytdl/CradleToGraveR//Scraping Content/07 - End to End Covid-19 Analysis with R - Import Data (1)/07-Scraping Content-End to End Covid-19 Analysis with R - Import Data (1).webm.description"
"148","c:/ytdl/CradleToGraveR//Scraping Content/08 - R CDC Data Fixed rmarkdown Tutorial/08-Scraping Content-R CDC Data Fixed rmarkdown Tutorial.webm.info.json","c:/ytdl/CradleToGraveR//Scraping Content/08 - R CDC Data Fixed rmarkdown Tutorial/08-Scraping Content-R CDC Data Fixed rmarkdown Tutorial.webm.en.txt","08-ScrapingContent-RCDCDataFixedrmarkdownTutorial.webm.jpg","c:/ytdl/CradleToGraveR//Scraping Content/08 - R CDC Data Fixed rmarkdown Tutorial/08-Scraping Content-R CDC Data Fixed rmarkdown Tutorial.webm.description"
"149","c:/ytdl/CradleToGraveR//Scraping Content/09 - Kable Table with R and Coronavirus COVID 19 Death Rates/09-Scraping Content-Kable Table with R and Coronavirus COVID 19 Death Rates.webm.info.json","c:/ytdl/CradleToGraveR//Scraping Content/09 - Kable Table with R and Coronavirus COVID 19 Death Rates/09-Scraping Content-Kable Table with R and Coronavirus COVID 19 Death Rates.webm.en.txt","09-ScrapingContent-KableTablewithRandCoronavirusCOVID19DeathRates.webm.jpg","c:/ytdl/CradleToGraveR//Scraping Content/09 - Kable Table with R and Coronavirus COVID 19 Death Rates/09-Scraping Content-Kable Table with R and Coronavirus COVID 19 Death Rates.webm.description"
"150","c:/ytdl/CradleToGraveR//Scraping Content/11 - Updated - End to End Covid-19 Analysis with R - Import Data (1)/11-Scraping Content-Updated - End to End Covid-19 Analysis with R - Import Data (1).webm.info.json","c:/ytdl/CradleToGraveR//Scraping Content/11 - Updated - End to End Covid-19 Analysis with R - Import Data (1)/11-Scraping Content-Updated - End to End Covid-19 Analysis with R - Import Data (1).webm.en.txt","11-ScrapingContent-Updated-EndtoEndCovid-19AnalysiswithR-ImportData(1).webm.jpg","c:/ytdl/CradleToGraveR//Scraping Content/11 - Updated - End to End Covid-19 Analysis with R - Import Data (1)/11-Scraping Content-Updated - End to End Covid-19 Analysis with R - Import Data (1).webm.description"
"151","c:/ytdl/CradleToGraveR//Scraping Content/12 - Plot COVID 19 coronavirus Data using R dplyr and ggplot/12-Scraping Content-Plot COVID 19 coronavirus Data using R dplyr and ggplot.webm.info.json","c:/ytdl/CradleToGraveR//Scraping Content/12 - Plot COVID 19 coronavirus Data using R dplyr and ggplot/12-Scraping Content-Plot COVID 19 coronavirus Data using R dplyr and ggplot.webm.en.txt","12-ScrapingContent-PlotCOVID19coronavirusDatausingRdplyrandggplot.webm.jpg","c:/ytdl/CradleToGraveR//Scraping Content/12 - Plot COVID 19 coronavirus Data using R dplyr and ggplot/12-Scraping Content-Plot COVID 19 coronavirus Data using R dplyr and ggplot.webm.description"
"152","c:/ytdl/CradleToGraveR//Scraping Content/13 - DT datatable COVID 19 coronavirus sort with R/13-Scraping Content-DT datatable COVID 19 coronavirus sort with R.mp4.info.json","c:/ytdl/CradleToGraveR//Scraping Content/13 - DT datatable COVID 19 coronavirus sort with R/13-Scraping Content-DT datatable COVID 19 coronavirus sort with R.mp4.en.txt","13-ScrapingContent-DTdatatableCOVID19coronavirussortwithR.mp4.jpg","c:/ytdl/CradleToGraveR//Scraping Content/13 - DT datatable COVID 19 coronavirus sort with R/13-Scraping Content-DT datatable COVID 19 coronavirus sort with R.mp4.description"
"153","c:/ytdl/CradleToGraveR//Scraping Content/14 - COVID CSV Data Update Plot - data from European Center for Disease and Prevention/14-Scraping Content-COVID CSV Data Update Plot - data from European Center for Disease and Prevention.mp4.info.json","c:/ytdl/CradleToGraveR//Scraping Content/14 - COVID CSV Data Update Plot - data from European Center for Disease and Prevention/14-Scraping Content-COVID CSV Data Update Plot - data from European Center for Disease and Prevention.mp4.en.txt","14-ScrapingContent-COVIDCSVDataUpdatePlot-datafromEuropeanCenterforDiseaseandPrevention.mp4.jpg","c:/ytdl/CradleToGraveR//Scraping Content/14 - COVID CSV Data Update Plot - data from European Center for Disease and Prevention/14-Scraping Content-COVID CSV Data Update Plot - data from European Center for Disease and Prevention.mp4.description"
"154","c:/ytdl/CradleToGraveR//Scraping Content/15 - Fastest COVID19 Scrape using R - Complete Tutorial in under 30 min/15-Scraping Content-Fastest COVID19 Scrape using R - Complete Tutorial in under 30 min.mp4.info.json","c:/ytdl/CradleToGraveR//Scraping Content/15 - Fastest COVID19 Scrape using R - Complete Tutorial in under 30 min/15-Scraping Content-Fastest COVID19 Scrape using R - Complete Tutorial in under 30 min.mp4.en.txt","15-ScrapingContent-FastestCOVID19ScrapeusingR-CompleteTutorialinunder30min.mp4.jpg","c:/ytdl/CradleToGraveR//Scraping Content/15 - Fastest COVID19 Scrape using R - Complete Tutorial in under 30 min/15-Scraping Content-Fastest COVID19 Scrape using R - Complete Tutorial in under 30 min.mp4.description"
"155","c:/ytdl/CradleToGraveR//Tidy/1 - R DPLYR Joins - Tidy Data/1-Tidy-R DPLYR Joins - Tidy Data.webm.info.json","c:/ytdl/CradleToGraveR//Tidy/1 - R DPLYR Joins - Tidy Data/1-Tidy-R DPLYR Joins - Tidy Data.webm.en.txt","1-Tidy-RDPLYRJoins-TidyData.webm.jpg","c:/ytdl/CradleToGraveR//Tidy/1 - R DPLYR Joins - Tidy Data/1-Tidy-R DPLYR Joins - Tidy Data.webm.description"
"156","c:/ytdl/CradleToGraveR//Tidy/2 - DPLYR Select & Rename Columns/2-Tidy-DPLYR Select & Rename Columns.webm.info.json","c:/ytdl/CradleToGraveR//Tidy/2 - DPLYR Select & Rename Columns/2-Tidy-DPLYR Select & Rename Columns.webm.en.txt","2-Tidy-DPLYRSelect&RenameColumns.webm.jpg","c:/ytdl/CradleToGraveR//Tidy/2 - DPLYR Select & Rename Columns/2-Tidy-DPLYR Select & Rename Columns.webm.description"
"157","c:/ytdl/CradleToGraveR//Tidy/3 - dplyr group_by summarize at all vars fun/3-Tidy-dplyr group_by summarize at all vars fun.mp4.info.json","c:/ytdl/CradleToGraveR//Tidy/3 - dplyr group_by summarize at all vars fun/3-Tidy-dplyr group_by summarize at all vars fun.mp4.en.txt","3-Tidy-dplyrgroup_bysummarizeatallvarsfun.mp4.jpg","c:/ytdl/CradleToGraveR//Tidy/3 - dplyr group_by summarize at all vars fun/3-Tidy-dplyr group_by summarize at all vars fun.mp4.description"
"158","c:/ytdl/CradleToGraveR//Tidy/4 - GGPLOT2 & DPLYR Enhanced Plots using gapminder Data/4-Tidy-GGPLOT2 & DPLYR Enhanced Plots using gapminder Data.mp4.info.json","c:/ytdl/CradleToGraveR//Tidy/4 - GGPLOT2 & DPLYR Enhanced Plots using gapminder Data/4-Tidy-GGPLOT2 & DPLYR Enhanced Plots using gapminder Data.mp4.en.txt","4-Tidy-GGPLOT2&DPLYREnhancedPlotsusinggapminderData.mp4.jpg","c:/ytdl/CradleToGraveR//Tidy/4 - GGPLOT2 & DPLYR Enhanced Plots using gapminder Data/4-Tidy-GGPLOT2 & DPLYR Enhanced Plots using gapminder Data.mp4.description"
"159","c:/ytdl/CradleToGraveR//Tidy/5 - End to End Covid-19 Analysis with R - Import Data (1)/5-Tidy-End to End Covid-19 Analysis with R - Import Data (1).webm.info.json","c:/ytdl/CradleToGraveR//Tidy/5 - End to End Covid-19 Analysis with R - Import Data (1)/5-Tidy-End to End Covid-19 Analysis with R - Import Data (1).webm.en.txt","5-Tidy-EndtoEndCovid-19AnalysiswithR-ImportData(1).webm.jpg","c:/ytdl/CradleToGraveR//Tidy/5 - End to End Covid-19 Analysis with R - Import Data (1)/5-Tidy-End to End Covid-19 Analysis with R - Import Data (1).webm.description"
"160","c:/ytdl/CradleToGraveR//Tidy/6 - Kable Table with R and Coronavirus COVID 19 Death Rates/6-Tidy-Kable Table with R and Coronavirus COVID 19 Death Rates.webm.info.json","c:/ytdl/CradleToGraveR//Tidy/6 - Kable Table with R and Coronavirus COVID 19 Death Rates/6-Tidy-Kable Table with R and Coronavirus COVID 19 Death Rates.webm.en.txt","6-Tidy-KableTablewithRandCoronavirusCOVID19DeathRates.webm.jpg","c:/ytdl/CradleToGraveR//Tidy/6 - Kable Table with R and Coronavirus COVID 19 Death Rates/6-Tidy-Kable Table with R and Coronavirus COVID 19 Death Rates.webm.description"
"161","c:/ytdl/CradleToGraveR//Tidy/7 - Plot COVID 19 coronavirus Data using R dplyr and ggplot/7-Tidy-Plot COVID 19 coronavirus Data using R dplyr and ggplot.webm.info.json","c:/ytdl/CradleToGraveR//Tidy/7 - Plot COVID 19 coronavirus Data using R dplyr and ggplot/7-Tidy-Plot COVID 19 coronavirus Data using R dplyr and ggplot.webm.en.txt","7-Tidy-PlotCOVID19coronavirusDatausingRdplyrandggplot.webm.jpg","c:/ytdl/CradleToGraveR//Tidy/7 - Plot COVID 19 coronavirus Data using R dplyr and ggplot/7-Tidy-Plot COVID 19 coronavirus Data using R dplyr and ggplot.webm.description"
"162","c:/ytdl/CradleToGraveR//Tidy/8 - DT datatable COVID 19 coronavirus sort with R/8-Tidy-DT datatable COVID 19 coronavirus sort with R.mp4.info.json","c:/ytdl/CradleToGraveR//Tidy/8 - DT datatable COVID 19 coronavirus sort with R/8-Tidy-DT datatable COVID 19 coronavirus sort with R.mp4.en.txt","8-Tidy-DTdatatableCOVID19coronavirussortwithR.mp4.jpg","c:/ytdl/CradleToGraveR//Tidy/8 - DT datatable COVID 19 coronavirus sort with R/8-Tidy-DT datatable COVID 19 coronavirus sort with R.mp4.description"
"163","c:/ytdl/CradleToGraveR//Tidy/9 - COVID CSV Data Update Plot - data from European Center for Disease and Prevention/9-Tidy-COVID CSV Data Update Plot - data from European Center for Disease and Prevention.mp4.info.json","c:/ytdl/CradleToGraveR//Tidy/9 - COVID CSV Data Update Plot - data from European Center for Disease and Prevention/9-Tidy-COVID CSV Data Update Plot - data from European Center for Disease and Prevention.mp4.en.txt","9-Tidy-COVIDCSVDataUpdatePlot-datafromEuropeanCenterforDiseaseandPrevention.mp4.jpg","c:/ytdl/CradleToGraveR//Tidy/9 - COVID CSV Data Update Plot - data from European Center for Disease and Prevention/9-Tidy-COVID CSV Data Update Plot - data from European Center for Disease and Prevention.mp4.description"
